record_id,country_code,country_name,region,income_level,date,year,month,week,latitude,longitude,heat_related_admissions_cumsum,temperature_celsius_cumsum,heat_wave_days_cumsum
2257,NGA,Nigeria,Africa,Lower-Middle,2015-01-04,2015,1,1,9.08,8.67,0.0,17.82,0
2258,NGA,Nigeria,Africa,Lower-Middle,2015-01-11,2015,1,2,9.08,8.67,10.2,43.480000000000004,0
2259,NGA,Nigeria,Africa,Lower-Middle,2015-01-18,2015,1,3,9.08,8.67,16.9,63.93000000000001,0
2260,NGA,Nigeria,Africa,Lower-Middle,2015-01-25,2015,1,4,9.08,8.67,29.7,88.86000000000001,0
2261,NGA,Nigeria,Africa,Lower-Middle,2015-02-01,2015,2,5,9.08,8.67,42.9,112.37000000000002,0
2262,NGA,Nigeria,Africa,Lower-Middle,2015-02-08,2015,2,6,9.08,8.67,73.7,138.83,2
2263,NGA,Nigeria,Africa,Lower-Middle,2015-02-15,2015,2,7,9.08,8.67,83.3,163.08,2
2264,NGA,Nigeria,Africa,Lower-Middle,2015-02-22,2015,2,8,9.08,8.67,89.2,188.82000000000002,2
2265,NGA,Nigeria,Africa,Lower-Middle,2015-03-01,2015,3,9,9.08,8.67,108.1,214.27,2
2266,NGA,Nigeria,Africa,Lower-Middle,2015-03-08,2015,3,10,9.08,8.67,126.39999999999999,242.82000000000002,2
2267,NGA,Nigeria,Africa,Lower-Middle,2015-03-15,2015,3,11,9.08,8.67,156.1,269.21000000000004,3
2268,NGA,Nigeria,Africa,Lower-Middle,2015-03-22,2015,3,12,9.08,8.67,183.9,297.45000000000005,4
2269,NGA,Nigeria,Africa,Lower-Middle,2015-03-29,2015,3,13,9.08,8.67,208.3,325.9200000000001,5
2270,NGA,Nigeria,Africa,Lower-Middle,2015-04-05,2015,4,14,9.08,8.67,222.3,351.18000000000006,5
2271,NGA,Nigeria,Africa,Lower-Middle,2015-04-12,2015,4,15,9.08,8.67,247.9,379.52000000000004,5
2272,NGA,Nigeria,Africa,Lower-Middle,2015-04-19,2015,4,16,9.08,8.67,256.0,405.85,5
2273,NGA,Nigeria,Africa,Lower-Middle,2015-04-26,2015,4,17,9.08,8.67,256.0,428.74,5
2274,NGA,Nigeria,Africa,Lower-Middle,2015-05-03,2015,5,18,9.08,8.67,278.2,454.43,5
2275,NGA,Nigeria,Africa,Lower-Middle,2015-05-10,2015,5,19,9.08,8.67,293.2,483.22,5
2276,NGA,Nigeria,Africa,Lower-Middle,2015-05-17,2015,5,20,9.08,8.67,325.3,511.70000000000005,6
2277,NGA,Nigeria,Africa,Lower-Middle,2015-05-24,2015,5,21,9.08,8.67,344.5,535.94,6
2278,NGA,Nigeria,Africa,Lower-Middle,2015-05-31,2015,5,22,9.08,8.67,344.5,557.94,6
2279,NGA,Nigeria,Africa,Lower-Middle,2015-06-07,2015,6,23,9.08,8.67,349.2,579.84,6
2280,NGA,Nigeria,Africa,Lower-Middle,2015-06-14,2015,6,24,9.08,8.67,356.3,602.9300000000001,6
2281,NGA,Nigeria,Africa,Lower-Middle,2015-06-21,2015,6,25,9.08,8.67,367.6,624.82,6
2282,NGA,Nigeria,Africa,Lower-Middle,2015-06-28,2015,6,26,9.08,8.67,368.20000000000005,644.3900000000001,6
2283,NGA,Nigeria,Africa,Lower-Middle,2015-07-05,2015,7,27,9.08,8.67,368.20000000000005,666.7600000000001,6
2284,NGA,Nigeria,Africa,Lower-Middle,2015-07-12,2015,7,28,9.08,8.67,372.90000000000003,688.0100000000001,6
2285,NGA,Nigeria,Africa,Lower-Middle,2015-07-19,2015,7,29,9.08,8.67,372.90000000000003,703.5000000000001,6
2286,NGA,Nigeria,Africa,Lower-Middle,2015-07-26,2015,7,30,9.08,8.67,372.90000000000003,718.6500000000001,6
2287,NGA,Nigeria,Africa,Lower-Middle,2015-08-02,2015,8,31,9.08,8.67,372.90000000000003,734.45,6
2288,NGA,Nigeria,Africa,Lower-Middle,2015-08-09,2015,8,32,9.08,8.67,372.90000000000003,750.2700000000001,6
2289,NGA,Nigeria,Africa,Lower-Middle,2015-08-16,2015,8,33,9.08,8.67,372.90000000000003,765.5300000000001,6
2290,NGA,Nigeria,Africa,Lower-Middle,2015-08-23,2015,8,34,9.08,8.67,377.20000000000005,783.6100000000001,6
2291,NGA,Nigeria,Africa,Lower-Middle,2015-08-30,2015,8,35,9.08,8.67,377.20000000000005,796.2200000000001,6
2292,NGA,Nigeria,Africa,Lower-Middle,2015-09-06,2015,9,36,9.08,8.67,377.20000000000005,812.1300000000001,6
2293,NGA,Nigeria,Africa,Lower-Middle,2015-09-13,2015,9,37,9.08,8.67,377.20000000000005,824.4700000000001,6
2294,NGA,Nigeria,Africa,Lower-Middle,2015-09-20,2015,9,38,9.08,8.67,377.20000000000005,836.3000000000002,6
2295,NGA,Nigeria,Africa,Lower-Middle,2015-09-27,2015,9,39,9.08,8.67,377.20000000000005,849.2500000000002,6
2296,NGA,Nigeria,Africa,Lower-Middle,2015-10-04,2015,10,40,9.08,8.67,377.20000000000005,863.8900000000002,6
2297,NGA,Nigeria,Africa,Lower-Middle,2015-10-11,2015,10,41,9.08,8.67,377.20000000000005,879.0500000000002,6
2298,NGA,Nigeria,Africa,Lower-Middle,2015-10-18,2015,10,42,9.08,8.67,377.20000000000005,893.3000000000002,6
2299,NGA,Nigeria,Africa,Lower-Middle,2015-10-25,2015,10,43,9.08,8.67,377.20000000000005,902.9200000000002,6
2300,NGA,Nigeria,Africa,Lower-Middle,2015-11-01,2015,11,44,9.08,8.67,377.20000000000005,918.9900000000002,6
2301,NGA,Nigeria,Africa,Lower-Middle,2015-11-08,2015,11,45,9.08,8.67,377.20000000000005,935.2000000000003,6
2302,NGA,Nigeria,Africa,Lower-Middle,2015-11-15,2015,11,46,9.08,8.67,377.20000000000005,952.0200000000003,6
2303,NGA,Nigeria,Africa,Lower-Middle,2015-11-22,2015,11,47,9.08,8.67,377.20000000000005,970.5600000000003,6
2304,NGA,Nigeria,Africa,Lower-Middle,2015-11-29,2015,11,48,9.08,8.67,377.20000000000005,982.8200000000003,6
2305,NGA,Nigeria,Africa,Lower-Middle,2015-12-06,2015,12,49,9.08,8.67,377.20000000000005,1000.6000000000003,6
2306,NGA,Nigeria,Africa,Lower-Middle,2015-12-13,2015,12,50,9.08,8.67,377.20000000000005,1020.9400000000003,6
2307,NGA,Nigeria,Africa,Lower-Middle,2015-12-20,2015,12,51,9.08,8.67,377.20000000000005,1038.8800000000003,6
2308,NGA,Nigeria,Africa,Lower-Middle,2015-12-27,2015,12,52,9.08,8.67,390.30000000000007,1059.5100000000004,6
2309,NGA,Nigeria,Africa,Lower-Middle,2016-01-03,2016,1,53,9.08,8.67,390.30000000000007,1078.7900000000004,6
2310,NGA,Nigeria,Africa,Lower-Middle,2016-01-10,2016,1,1,9.08,8.67,393.4000000000001,1097.1400000000003,6
2311,NGA,Nigeria,Africa,Lower-Middle,2016-01-17,2016,1,2,9.08,8.67,411.7000000000001,1121.2200000000003,6
2312,NGA,Nigeria,Africa,Lower-Middle,2016-01-24,2016,1,3,9.08,8.67,423.2000000000001,1145.3000000000002,6
2313,NGA,Nigeria,Africa,Lower-Middle,2016-01-31,2016,1,4,9.08,8.67,429.7000000000001,1168.5000000000002,6
2314,NGA,Nigeria,Africa,Lower-Middle,2016-02-07,2016,2,5,9.08,8.67,444.6000000000001,1194.5100000000002,6
2315,NGA,Nigeria,Africa,Lower-Middle,2016-02-14,2016,2,6,9.08,8.67,464.4000000000001,1221.2400000000002,6
2316,NGA,Nigeria,Africa,Lower-Middle,2016-02-21,2016,2,7,9.08,8.67,498.80000000000007,1247.7800000000002,8
2317,NGA,Nigeria,Africa,Lower-Middle,2016-02-28,2016,2,8,9.08,8.67,515.4000000000001,1274.1600000000003,8
2318,NGA,Nigeria,Africa,Lower-Middle,2016-03-06,2016,3,9,9.08,8.67,541.4000000000001,1300.0600000000004,9
2319,NGA,Nigeria,Africa,Lower-Middle,2016-03-13,2016,3,10,9.08,8.67,552.7,1325.3600000000004,9
2320,NGA,Nigeria,Africa,Lower-Middle,2016-03-20,2016,3,11,9.08,8.67,565.3000000000001,1353.2500000000005,9
2321,NGA,Nigeria,Africa,Lower-Middle,2016-03-27,2016,3,12,9.08,8.67,587.3000000000001,1381.1300000000006,9
2322,NGA,Nigeria,Africa,Lower-Middle,2016-04-03,2016,4,13,9.08,8.67,614.7,1410.7100000000005,10
2323,NGA,Nigeria,Africa,Lower-Middle,2016-04-10,2016,4,14,9.08,8.67,620.5,1435.3100000000004,10
2324,NGA,Nigeria,Africa,Lower-Middle,2016-04-17,2016,4,15,9.08,8.67,642.4,1463.1400000000003,10
2325,NGA,Nigeria,Africa,Lower-Middle,2016-04-24,2016,4,16,9.08,8.67,658.4,1487.8500000000004,11
2326,NGA,Nigeria,Africa,Lower-Middle,2016-05-01,2016,5,17,9.08,8.67,671.3,1515.1500000000003,11
2327,NGA,Nigeria,Africa,Lower-Middle,2016-05-08,2016,5,18,9.08,8.67,676.5,1538.3400000000004,11
2328,NGA,Nigeria,Africa,Lower-Middle,2016-05-15,2016,5,19,9.08,8.67,704.8,1565.5500000000004,12
2329,NGA,Nigeria,Africa,Lower-Middle,2016-05-22,2016,5,20,9.08,8.67,711.5999999999999,1589.9100000000003,12
2330,NGA,Nigeria,Africa,Lower-Middle,2016-05-29,2016,5,21,9.08,8.67,723.3,1613.3300000000004,12
2331,NGA,Nigeria,Africa,Lower-Middle,2016-06-05,2016,6,22,9.08,8.67,723.3,1634.5500000000004,12
2332,NGA,Nigeria,Africa,Lower-Middle,2016-06-12,2016,6,23,9.08,8.67,733.6999999999999,1656.0200000000004,12
2333,NGA,Nigeria,Africa,Lower-Middle,2016-06-19,2016,6,24,9.08,8.67,733.6999999999999,1677.9300000000005,12
2334,NGA,Nigeria,Africa,Lower-Middle,2016-06-26,2016,6,25,9.08,8.67,737.1999999999999,1698.4600000000005,12
2335,NGA,Nigeria,Africa,Lower-Middle,2016-07-03,2016,7,26,9.08,8.67,737.1999999999999,1715.8100000000004,12
2336,NGA,Nigeria,Africa,Lower-Middle,2016-07-10,2016,7,27,9.08,8.67,738.1999999999999,1735.5600000000004,12
2337,NGA,Nigeria,Africa,Lower-Middle,2016-07-17,2016,7,28,9.08,8.67,738.1999999999999,1752.0300000000004,12
2338,NGA,Nigeria,Africa,Lower-Middle,2016-07-24,2016,7,29,9.08,8.67,738.1999999999999,1767.5300000000004,12
2339,NGA,Nigeria,Africa,Lower-Middle,2016-07-31,2016,7,30,9.08,8.67,738.1999999999999,1781.4900000000005,12
2340,NGA,Nigeria,Africa,Lower-Middle,2016-08-07,2016,8,31,9.08,8.67,738.1999999999999,1796.4800000000005,12
2341,NGA,Nigeria,Africa,Lower-Middle,2016-08-14,2016,8,32,9.08,8.67,738.1999999999999,1812.3600000000006,12
2342,NGA,Nigeria,Africa,Lower-Middle,2016-08-21,2016,8,33,9.08,8.67,738.1999999999999,1823.4900000000007,12
2343,NGA,Nigeria,Africa,Lower-Middle,2016-08-28,2016,8,34,9.08,8.67,738.1999999999999,1839.1300000000008,12
2344,NGA,Nigeria,Africa,Lower-Middle,2016-09-04,2016,9,35,9.08,8.67,738.1999999999999,1854.4600000000007,12
2345,NGA,Nigeria,Africa,Lower-Middle,2016-09-11,2016,9,36,9.08,8.67,738.1999999999999,1865.9500000000007,12
2346,NGA,Nigeria,Africa,Lower-Middle,2016-09-18,2016,9,37,9.08,8.67,738.1999999999999,1878.5500000000006,12
2347,NGA,Nigeria,Africa,Lower-Middle,2016-09-25,2016,9,38,9.08,8.67,738.1999999999999,1886.9700000000007,12
2348,NGA,Nigeria,Africa,Lower-Middle,2016-10-02,2016,10,39,9.08,8.67,738.1999999999999,1896.0700000000006,12
2349,NGA,Nigeria,Africa,Lower-Middle,2016-10-09,2016,10,40,9.08,8.67,738.1999999999999,1908.8500000000006,12
2350,NGA,Nigeria,Africa,Lower-Middle,2016-10-16,2016,10,41,9.08,8.67,738.1999999999999,1920.4700000000005,12
2351,NGA,Nigeria,Africa,Lower-Middle,2016-10-23,2016,10,42,9.08,8.67,738.1999999999999,1934.0300000000004,12
2352,NGA,Nigeria,Africa,Lower-Middle,2016-10-30,2016,10,43,9.08,8.67,738.1999999999999,1945.2500000000005,12
2353,NGA,Nigeria,Africa,Lower-Middle,2016-11-06,2016,11,44,9.08,8.67,738.1999999999999,1962.4800000000005,12
2354,NGA,Nigeria,Africa,Lower-Middle,2016-11-13,2016,11,45,9.08,8.67,739.9,1976.8500000000004,12
2355,NGA,Nigeria,Africa,Lower-Middle,2016-11-20,2016,11,46,9.08,8.67,739.9,1989.0800000000004,12
2356,NGA,Nigeria,Africa,Lower-Middle,2016-11-27,2016,11,47,9.08,8.67,740.0,2006.2000000000003,12
2357,NGA,Nigeria,Africa,Lower-Middle,2016-12-04,2016,12,48,9.08,8.67,742.0,2023.1500000000003,12
2358,NGA,Nigeria,Africa,Lower-Middle,2016-12-11,2016,12,49,9.08,8.67,742.0,2036.4600000000003,12
2359,NGA,Nigeria,Africa,Lower-Middle,2016-12-18,2016,12,50,9.08,8.67,749.6,2055.8,12
2360,NGA,Nigeria,Africa,Lower-Middle,2016-12-25,2016,12,51,9.08,8.67,753.2,2074.3700000000003,12
2361,NGA,Nigeria,Africa,Lower-Middle,2017-01-01,2017,1,52,9.08,8.67,753.2,2093.4800000000005,12
2362,NGA,Nigeria,Africa,Lower-Middle,2017-01-08,2017,1,1,9.08,8.67,764.2,2115.5000000000005,12
2363,NGA,Nigeria,Africa,Lower-Middle,2017-01-15,2017,1,2,9.08,8.67,764.7,2137.4400000000005,12
2364,NGA,Nigeria,Africa,Lower-Middle,2017-01-22,2017,1,3,9.08,8.67,773.8000000000001,2158.9800000000005,12
2365,NGA,Nigeria,Africa,Lower-Middle,2017-01-29,2017,1,4,9.08,8.67,795.4000000000001,2186.9300000000003,13
2366,NGA,Nigeria,Africa,Lower-Middle,2017-02-05,2017,2,5,9.08,8.67,809.5000000000001,2208.1200000000003,13
2367,NGA,Nigeria,Africa,Lower-Middle,2017-02-12,2017,2,6,9.08,8.67,822.1000000000001,2234.2200000000003,13
2368,NGA,Nigeria,Africa,Lower-Middle,2017-02-19,2017,2,7,9.08,8.67,833.4000000000001,2259.44,13
2369,NGA,Nigeria,Africa,Lower-Middle,2017-02-26,2017,2,8,9.08,8.67,842.3000000000001,2287.4900000000002,13
2370,NGA,Nigeria,Africa,Lower-Middle,2017-03-05,2017,3,9,9.08,8.67,852.6,2313.23,13
2371,NGA,Nigeria,Africa,Lower-Middle,2017-03-12,2017,3,10,9.08,8.67,876.6,2341.19,14
2372,NGA,Nigeria,Africa,Lower-Middle,2017-03-19,2017,3,11,9.08,8.67,898.7,2367.26,15
2373,NGA,Nigeria,Africa,Lower-Middle,2017-03-26,2017,3,12,9.08,8.67,902.2,2393.5200000000004,15
2374,NGA,Nigeria,Africa,Lower-Middle,2017-04-02,2017,4,13,9.08,8.67,910.7,2417.7200000000003,15
2375,NGA,Nigeria,Africa,Lower-Middle,2017-04-09,2017,4,14,9.08,8.67,920.5,2445.01,15
2376,NGA,Nigeria,Africa,Lower-Middle,2017-04-16,2017,4,15,9.08,8.67,932.9,2471.4100000000003,15
2377,NGA,Nigeria,Africa,Lower-Middle,2017-04-23,2017,4,16,9.08,8.67,949.6,2501.1000000000004,15
2378,NGA,Nigeria,Africa,Lower-Middle,2017-04-30,2017,4,17,9.08,8.67,962.5,2528.1900000000005,15
2379,NGA,Nigeria,Africa,Lower-Middle,2017-05-07,2017,5,18,9.08,8.67,987.0,2554.0400000000004,16
2380,NGA,Nigeria,Africa,Lower-Middle,2017-05-14,2017,5,19,9.08,8.67,1003.4,2581.6500000000005,16
2381,NGA,Nigeria,Africa,Lower-Middle,2017-05-21,2017,5,20,9.08,8.67,1011.0,2606.5400000000004,16
2382,NGA,Nigeria,Africa,Lower-Middle,2017-05-28,2017,5,21,9.08,8.67,1015.6,2628.2400000000002,16
2383,NGA,Nigeria,Africa,Lower-Middle,2017-06-04,2017,6,22,9.08,8.67,1030.3,2653.76,16
2384,NGA,Nigeria,Africa,Lower-Middle,2017-06-11,2017,6,23,9.08,8.67,1039.6,2679.61,16
2385,NGA,Nigeria,Africa,Lower-Middle,2017-06-18,2017,6,24,9.08,8.67,1046.0,2701.94,16
2386,NGA,Nigeria,Africa,Lower-Middle,2017-06-25,2017,6,25,9.08,8.67,1060.1,2724.71,16
2387,NGA,Nigeria,Africa,Lower-Middle,2017-07-02,2017,7,26,9.08,8.67,1060.1,2741.79,16
2388,NGA,Nigeria,Africa,Lower-Middle,2017-07-09,2017,7,27,9.08,8.67,1060.1,2758.54,16
2389,NGA,Nigeria,Africa,Lower-Middle,2017-07-16,2017,7,28,9.08,8.67,1066.1,2778.58,16
2390,NGA,Nigeria,Africa,Lower-Middle,2017-07-23,2017,7,29,9.08,8.67,1066.1,2793.5299999999997,16
2391,NGA,Nigeria,Africa,Lower-Middle,2017-07-30,2017,7,30,9.08,8.67,1066.1,2809.1,16
2392,NGA,Nigeria,Africa,Lower-Middle,2017-08-06,2017,8,31,9.08,8.67,1066.1,2822.54,16
2393,NGA,Nigeria,Africa,Lower-Middle,2017-08-13,2017,8,32,9.08,8.67,1066.1,2835.29,16
2394,NGA,Nigeria,Africa,Lower-Middle,2017-08-20,2017,8,33,9.08,8.67,1066.1,2846.96,16
2395,NGA,Nigeria,Africa,Lower-Middle,2017-08-27,2017,8,34,9.08,8.67,1066.1,2861.5,16
2396,NGA,Nigeria,Africa,Lower-Middle,2017-09-03,2017,9,35,9.08,8.67,1066.1,2873.85,16
2397,NGA,Nigeria,Africa,Lower-Middle,2017-09-10,2017,9,36,9.08,8.67,1066.1,2887.99,16
2398,NGA,Nigeria,Africa,Lower-Middle,2017-09-17,2017,9,37,9.08,8.67,1066.1,2900.1099999999997,16
2399,NGA,Nigeria,Africa,Lower-Middle,2017-09-24,2017,9,38,9.08,8.67,1066.1,2911.3999999999996,16
2400,NGA,Nigeria,Africa,Lower-Middle,2017-10-01,2017,10,39,9.08,8.67,1066.1,2922.7599999999998,16
2401,NGA,Nigeria,Africa,Lower-Middle,2017-10-08,2017,10,40,9.08,8.67,1066.1,2929.7499999999995,16
2402,NGA,Nigeria,Africa,Lower-Middle,2017-10-15,2017,10,41,9.08,8.67,1066.1,2939.9099999999994,16
2403,NGA,Nigeria,Africa,Lower-Middle,2017-10-22,2017,10,42,9.08,8.67,1066.1,2950.0899999999992,16
2404,NGA,Nigeria,Africa,Lower-Middle,2017-10-29,2017,10,43,9.08,8.67,1066.1,2961.3699999999994,16
2405,NGA,Nigeria,Africa,Lower-Middle,2017-11-05,2017,11,44,9.08,8.67,1066.1,2976.9599999999996,16
2406,NGA,Nigeria,Africa,Lower-Middle,2017-11-12,2017,11,45,9.08,8.67,1066.1,2996.47,16
2407,NGA,Nigeria,Africa,Lower-Middle,2017-11-19,2017,11,46,9.08,8.67,1066.1,3010.81,16
2408,NGA,Nigeria,Africa,Lower-Middle,2017-11-26,2017,11,47,9.08,8.67,1066.1,3025.63,16
2409,NGA,Nigeria,Africa,Lower-Middle,2017-12-03,2017,12,48,9.08,8.67,1066.1,3039.51,16
2410,NGA,Nigeria,Africa,Lower-Middle,2017-12-10,2017,12,49,9.08,8.67,1066.1,3055.13,16
2411,NGA,Nigeria,Africa,Lower-Middle,2017-12-17,2017,12,50,9.08,8.67,1071.0,3075.92,16
2412,NGA,Nigeria,Africa,Lower-Middle,2017-12-24,2017,12,51,9.08,8.67,1071.0,3090.56,16
2413,NGA,Nigeria,Africa,Lower-Middle,2017-12-31,2017,12,52,9.08,8.67,1086.7,3111.98,16
2414,NGA,Nigeria,Africa,Lower-Middle,2018-01-07,2018,1,1,9.08,8.67,1086.9,3131.55,16
2415,NGA,Nigeria,Africa,Lower-Middle,2018-01-14,2018,1,2,9.08,8.67,1087.5,3151.27,16
2416,NGA,Nigeria,Africa,Lower-Middle,2018-01-21,2018,1,3,9.08,8.67,1092.5,3171.5099999999998,16
2417,NGA,Nigeria,Africa,Lower-Middle,2018-01-28,2018,1,4,9.08,8.67,1092.5,3191.14,16
2418,NGA,Nigeria,Africa,Lower-Middle,2018-02-04,2018,2,5,9.08,8.67,1097.1,3215.16,16
2419,NGA,Nigeria,Africa,Lower-Middle,2018-02-11,2018,2,6,9.08,8.67,1117.3,3241.3399999999997,16
2420,NGA,Nigeria,Africa,Lower-Middle,2018-02-18,2018,2,7,9.08,8.67,1124.5,3266.0399999999995,16
2421,NGA,Nigeria,Africa,Lower-Middle,2018-02-25,2018,2,8,9.08,8.67,1154.3,3290.6199999999994,18
2422,NGA,Nigeria,Africa,Lower-Middle,2018-03-04,2018,3,9,9.08,8.67,1172.5,3319.3899999999994,18
2423,NGA,Nigeria,Africa,Lower-Middle,2018-03-11,2018,3,10,9.08,8.67,1190.2,3345.5499999999993,19
2424,NGA,Nigeria,Africa,Lower-Middle,2018-03-18,2018,3,11,9.08,8.67,1201.7,3373.789999999999,19
2425,NGA,Nigeria,Africa,Lower-Middle,2018-03-25,2018,3,12,9.08,8.67,1217.9,3400.699999999999,19
2426,NGA,Nigeria,Africa,Lower-Middle,2018-04-01,2018,4,13,9.08,8.67,1225.1000000000001,3428.619999999999,19
2427,NGA,Nigeria,Africa,Lower-Middle,2018-04-08,2018,4,14,9.08,8.67,1244.8000000000002,3454.639999999999,19
2428,NGA,Nigeria,Africa,Lower-Middle,2018-04-15,2018,4,15,9.08,8.67,1264.2000000000003,3482.719999999999,19
2429,NGA,Nigeria,Africa,Lower-Middle,2018-04-22,2018,4,16,9.08,8.67,1266.8000000000002,3507.989999999999,19
2430,NGA,Nigeria,Africa,Lower-Middle,2018-04-29,2018,4,17,9.08,8.67,1277.7000000000003,3533.6499999999987,19
2431,NGA,Nigeria,Africa,Lower-Middle,2018-05-06,2018,5,18,9.08,8.67,1291.4000000000003,3559.069999999999,19
2432,NGA,Nigeria,Africa,Lower-Middle,2018-05-13,2018,5,19,9.08,8.67,1302.2000000000003,3582.7899999999986,19
2433,NGA,Nigeria,Africa,Lower-Middle,2018-05-20,2018,5,20,9.08,8.67,1309.6000000000004,3608.6499999999987,19
2434,NGA,Nigeria,Africa,Lower-Middle,2018-05-27,2018,5,21,9.08,8.67,1315.7000000000003,3635.0799999999986,19
2435,NGA,Nigeria,Africa,Lower-Middle,2018-06-03,2018,6,22,9.08,8.67,1316.7000000000003,3657.5599999999986,19
2436,NGA,Nigeria,Africa,Lower-Middle,2018-06-10,2018,6,23,9.08,8.67,1319.9000000000003,3680.7299999999987,19
2437,NGA,Nigeria,Africa,Lower-Middle,2018-06-17,2018,6,24,9.08,8.67,1319.9000000000003,3700.239999999999,19
2438,NGA,Nigeria,Africa,Lower-Middle,2018-06-24,2018,6,25,9.08,8.67,1319.9000000000003,3720.369999999999,19
2439,NGA,Nigeria,Africa,Lower-Middle,2018-07-01,2018,7,26,9.08,8.67,1319.9000000000003,3740.3599999999988,19
2440,NGA,Nigeria,Africa,Lower-Middle,2018-07-08,2018,7,27,9.08,8.67,1322.7000000000003,3757.819999999999,19
2441,NGA,Nigeria,Africa,Lower-Middle,2018-07-15,2018,7,28,9.08,8.67,1322.7000000000003,3773.1899999999987,19
2442,NGA,Nigeria,Africa,Lower-Middle,2018-07-22,2018,7,29,9.08,8.67,1322.7000000000003,3790.089999999999,19
2443,NGA,Nigeria,Africa,Lower-Middle,2018-07-29,2018,7,30,9.08,8.67,1322.7000000000003,3804.9199999999987,19
2444,NGA,Nigeria,Africa,Lower-Middle,2018-08-05,2018,8,31,9.08,8.67,1322.7000000000003,3820.8699999999985,19
2445,NGA,Nigeria,Africa,Lower-Middle,2018-08-12,2018,8,32,9.08,8.67,1322.7000000000003,3833.2099999999987,19
2446,NGA,Nigeria,Africa,Lower-Middle,2018-08-19,2018,8,33,9.08,8.67,1322.7000000000003,3847.069999999999,19
2447,NGA,Nigeria,Africa,Lower-Middle,2018-08-26,2018,8,34,9.08,8.67,1322.7000000000003,3859.829999999999,19
2448,NGA,Nigeria,Africa,Lower-Middle,2018-09-02,2018,9,35,9.08,8.67,1322.7000000000003,3868.449999999999,19
2449,NGA,Nigeria,Africa,Lower-Middle,2018-09-09,2018,9,36,9.08,8.67,1322.7000000000003,3879.929999999999,19
2450,NGA,Nigeria,Africa,Lower-Middle,2018-09-16,2018,9,37,9.08,8.67,1322.7000000000003,3890.939999999999,19
2451,NGA,Nigeria,Africa,Lower-Middle,2018-09-23,2018,9,38,9.08,8.67,1322.7000000000003,3899.9499999999994,19
2452,NGA,Nigeria,Africa,Lower-Middle,2018-09-30,2018,9,39,9.08,8.67,1322.7000000000003,3912.7099999999996,19
2453,NGA,Nigeria,Africa,Lower-Middle,2018-10-07,2018,10,40,9.08,8.67,1322.7000000000003,3920.97,19
2454,NGA,Nigeria,Africa,Lower-Middle,2018-10-14,2018,10,41,9.08,8.67,1322.7000000000003,3932.06,19
2455,NGA,Nigeria,Africa,Lower-Middle,2018-10-21,2018,10,42,9.08,8.67,1322.7000000000003,3941.74,19
2456,NGA,Nigeria,Africa,Lower-Middle,2018-10-28,2018,10,43,9.08,8.67,1322.7000000000003,3951.2,19
2457,NGA,Nigeria,Africa,Lower-Middle,2018-11-04,2018,11,44,9.08,8.67,1322.7000000000003,3961.04,19
2458,NGA,Nigeria,Africa,Lower-Middle,2018-11-11,2018,11,45,9.08,8.67,1322.7000000000003,3976.7799999999997,19
2459,NGA,Nigeria,Africa,Lower-Middle,2018-11-18,2018,11,46,9.08,8.67,1322.7000000000003,3991.6299999999997,19
2460,NGA,Nigeria,Africa,Lower-Middle,2018-11-25,2018,11,47,9.08,8.67,1322.7000000000003,4002.0699999999997,19
2461,NGA,Nigeria,Africa,Lower-Middle,2018-12-02,2018,12,48,9.08,8.67,1322.7000000000003,4018.4399999999996,19
2462,NGA,Nigeria,Africa,Lower-Middle,2018-12-09,2018,12,49,9.08,8.67,1322.7000000000003,4035.4799999999996,19
2463,NGA,Nigeria,Africa,Lower-Middle,2018-12-16,2018,12,50,9.08,8.67,1322.7000000000003,4054.99,19
2464,NGA,Nigeria,Africa,Lower-Middle,2018-12-23,2018,12,51,9.08,8.67,1330.0000000000002,4074.54,19
2465,NGA,Nigeria,Africa,Lower-Middle,2018-12-30,2018,12,52,9.08,8.67,1330.0000000000002,4091.35,19
2466,NGA,Nigeria,Africa,Lower-Middle,2019-01-06,2019,1,1,9.08,8.67,1332.3000000000002,4111.55,19
2467,NGA,Nigeria,Africa,Lower-Middle,2019-01-13,2019,1,2,9.08,8.67,1332.3000000000002,4134.21,19
2468,NGA,Nigeria,Africa,Lower-Middle,2019-01-20,2019,1,3,9.08,8.67,1337.2000000000003,4158.78,19
2469,NGA,Nigeria,Africa,Lower-Middle,2019-01-27,2019,1,4,9.08,8.67,1338.6000000000004,4181.8099999999995,19
2470,NGA,Nigeria,Africa,Lower-Middle,2019-02-03,2019,2,5,9.08,8.67,1344.1000000000004,4204.539999999999,19
2471,NGA,Nigeria,Africa,Lower-Middle,2019-02-10,2019,2,6,9.08,8.67,1348.2000000000003,4229.869999999999,19
2472,NGA,Nigeria,Africa,Lower-Middle,2019-02-17,2019,2,7,9.08,8.67,1357.2000000000003,4254.8499999999985,19
2473,NGA,Nigeria,Africa,Lower-Middle,2019-02-24,2019,2,8,9.08,8.67,1375.7000000000003,4281.079999999998,19
2474,NGA,Nigeria,Africa,Lower-Middle,2019-03-03,2019,3,9,9.08,8.67,1400.9000000000003,4306.049999999998,21
2475,NGA,Nigeria,Africa,Lower-Middle,2019-03-10,2019,3,10,9.08,8.67,1410.2000000000003,4330.629999999998,21
2476,NGA,Nigeria,Africa,Lower-Middle,2019-03-17,2019,3,11,9.08,8.67,1430.3000000000002,4356.479999999999,21
2477,NGA,Nigeria,Africa,Lower-Middle,2019-03-24,2019,3,12,9.08,8.67,1454.7000000000003,4384.419999999998,21
2478,NGA,Nigeria,Africa,Lower-Middle,2019-03-31,2019,3,13,9.08,8.67,1464.8000000000002,4406.909999999998,21
2479,NGA,Nigeria,Africa,Lower-Middle,2019-04-07,2019,4,14,9.08,8.67,1492.8000000000002,4436.719999999998,22
2480,NGA,Nigeria,Africa,Lower-Middle,2019-04-14,2019,4,15,9.08,8.67,1507.7000000000003,4463.789999999998,22
2481,NGA,Nigeria,Africa,Lower-Middle,2019-04-21,2019,4,16,9.08,8.67,1536.3000000000002,4493.119999999998,22
2482,NGA,Nigeria,Africa,Lower-Middle,2019-04-28,2019,4,17,9.08,8.67,1543.3000000000002,4517.719999999998,22
2483,NGA,Nigeria,Africa,Lower-Middle,2019-05-05,2019,5,18,9.08,8.67,1574.9,4545.859999999999,24
2484,NGA,Nigeria,Africa,Lower-Middle,2019-05-12,2019,5,19,9.08,8.67,1590.9,4572.919999999999,24
2485,NGA,Nigeria,Africa,Lower-Middle,2019-05-19,2019,5,20,9.08,8.67,1606.7,4598.719999999999,25
2486,NGA,Nigeria,Africa,Lower-Middle,2019-05-26,2019,5,21,9.08,8.67,1628.1000000000001,4627.94,25
2487,NGA,Nigeria,Africa,Lower-Middle,2019-06-02,2019,6,22,9.08,8.67,1654.9,4653.11,27
2488,NGA,Nigeria,Africa,Lower-Middle,2019-06-09,2019,6,23,9.08,8.67,1663.0,4676.41,27
2489,NGA,Nigeria,Africa,Lower-Middle,2019-06-16,2019,6,24,9.08,8.67,1663.0,4700.23,27
2490,NGA,Nigeria,Africa,Lower-Middle,2019-06-23,2019,6,25,9.08,8.67,1668.8,4721.23,27
2491,NGA,Nigeria,Africa,Lower-Middle,2019-06-30,2019,6,26,9.08,8.67,1668.8,4742.8099999999995,27
2492,NGA,Nigeria,Africa,Lower-Middle,2019-07-07,2019,7,27,9.08,8.67,1668.8,4758.9,27
2493,NGA,Nigeria,Africa,Lower-Middle,2019-07-14,2019,7,28,9.08,8.67,1668.8,4774.69,27
2494,NGA,Nigeria,Africa,Lower-Middle,2019-07-21,2019,7,29,9.08,8.67,1668.8,4792.639999999999,27
2495,NGA,Nigeria,Africa,Lower-Middle,2019-07-28,2019,7,30,9.08,8.67,1668.8,4808.619999999999,27
2496,NGA,Nigeria,Africa,Lower-Middle,2019-08-04,2019,8,31,9.08,8.67,1668.8,4822.399999999999,27
2497,NGA,Nigeria,Africa,Lower-Middle,2019-08-11,2019,8,32,9.08,8.67,1668.8,4839.659999999999,27
2498,NGA,Nigeria,Africa,Lower-Middle,2019-08-18,2019,8,33,9.08,8.67,1668.8,4853.6399999999985,27
2499,NGA,Nigeria,Africa,Lower-Middle,2019-08-25,2019,8,34,9.08,8.67,1668.8,4866.499999999998,27
2500,NGA,Nigeria,Africa,Lower-Middle,2019-09-01,2019,9,35,9.08,8.67,1668.8,4878.669999999998,27
2501,NGA,Nigeria,Africa,Lower-Middle,2019-09-08,2019,9,36,9.08,8.67,1668.8,4894.109999999998,27
2502,NGA,Nigeria,Africa,Lower-Middle,2019-09-15,2019,9,37,9.08,8.67,1668.8,4904.639999999998,27
2503,NGA,Nigeria,Africa,Lower-Middle,2019-09-22,2019,9,38,9.08,8.67,1668.8,4914.639999999998,27
2504,NGA,Nigeria,Africa,Lower-Middle,2019-09-29,2019,9,39,9.08,8.67,1668.8,4929.069999999998,27
2505,NGA,Nigeria,Africa,Lower-Middle,2019-10-06,2019,10,40,9.08,8.67,1668.8,4941.319999999998,27
2506,NGA,Nigeria,Africa,Lower-Middle,2019-10-13,2019,10,41,9.08,8.67,1668.8,4953.139999999998,27
2507,NGA,Nigeria,Africa,Lower-Middle,2019-10-20,2019,10,42,9.08,8.67,1668.8,4964.309999999998,27
2508,NGA,Nigeria,Africa,Lower-Middle,2019-10-27,2019,10,43,9.08,8.67,1668.8,4979.129999999997,27
2509,NGA,Nigeria,Africa,Lower-Middle,2019-11-03,2019,11,44,9.08,8.67,1668.8,4992.569999999997,27
2510,NGA,Nigeria,Africa,Lower-Middle,2019-11-10,2019,11,45,9.08,8.67,1668.8,5006.599999999997,27
2511,NGA,Nigeria,Africa,Lower-Middle,2019-11-17,2019,11,46,9.08,8.67,1668.8,5020.029999999997,27
2512,NGA,Nigeria,Africa,Lower-Middle,2019-11-24,2019,11,47,9.08,8.67,1668.8,5031.379999999997,27
2513,NGA,Nigeria,Africa,Lower-Middle,2019-12-01,2019,12,48,9.08,8.67,1669.3,5049.999999999997,27
2514,NGA,Nigeria,Africa,Lower-Middle,2019-12-08,2019,12,49,9.08,8.67,1669.3,5067.739999999997,27
2515,NGA,Nigeria,Africa,Lower-Middle,2019-12-15,2019,12,50,9.08,8.67,1670.3,5086.169999999997,27
2516,NGA,Nigeria,Africa,Lower-Middle,2019-12-22,2019,12,51,9.08,8.67,1670.3,5103.999999999997,27
2517,NGA,Nigeria,Africa,Lower-Middle,2019-12-29,2019,12,52,9.08,8.67,1670.3,5121.089999999997,27
2518,NGA,Nigeria,Africa,Lower-Middle,2020-01-05,2020,1,1,9.08,8.67,1676.1,5143.059999999998,27
2519,NGA,Nigeria,Africa,Lower-Middle,2020-01-12,2020,1,2,9.08,8.67,1692.1999999999998,5165.609999999998,27
2520,NGA,Nigeria,Africa,Lower-Middle,2020-01-19,2020,1,3,9.08,8.67,1692.1999999999998,5185.929999999998,27
2521,NGA,Nigeria,Africa,Lower-Middle,2020-01-26,2020,1,4,9.08,8.67,1692.1999999999998,5204.729999999998,27
2522,NGA,Nigeria,Africa,Lower-Middle,2020-02-02,2020,2,5,9.08,8.67,1713.6999999999998,5232.329999999998,27
2523,NGA,Nigeria,Africa,Lower-Middle,2020-02-09,2020,2,6,9.08,8.67,1715.9999999999998,5255.939999999998,27
2524,NGA,Nigeria,Africa,Lower-Middle,2020-02-16,2020,2,7,9.08,8.67,1721.7999999999997,5280.769999999998,27
2525,NGA,Nigeria,Africa,Lower-Middle,2020-02-23,2020,2,8,9.08,8.67,1744.5999999999997,5309.829999999998,28
2526,NGA,Nigeria,Africa,Lower-Middle,2020-03-01,2020,3,9,9.08,8.67,1760.2999999999997,5335.229999999998,29
2527,NGA,Nigeria,Africa,Lower-Middle,2020-03-08,2020,3,10,9.08,8.67,1792.9999999999998,5366.839999999997,30
2528,NGA,Nigeria,Africa,Lower-Middle,2020-03-15,2020,3,11,9.08,8.67,1811.0999999999997,5392.139999999998,30
2529,NGA,Nigeria,Africa,Lower-Middle,2020-03-22,2020,3,12,9.08,8.67,1826.7999999999997,5416.279999999998,30
2530,NGA,Nigeria,Africa,Lower-Middle,2020-03-29,2020,3,13,9.08,8.67,1866.7999999999997,5443.389999999998,33
2531,NGA,Nigeria,Africa,Lower-Middle,2020-04-05,2020,4,14,9.08,8.67,1894.1999999999998,5471.059999999998,34
2532,NGA,Nigeria,Africa,Lower-Middle,2020-04-12,2020,4,15,9.08,8.67,1915.9999999999998,5499.949999999998,35
2533,NGA,Nigeria,Africa,Lower-Middle,2020-04-19,2020,4,16,9.08,8.67,1928.8999999999999,5526.639999999998,35
2534,NGA,Nigeria,Africa,Lower-Middle,2020-04-26,2020,4,17,9.08,8.67,1928.8999999999999,5552.029999999998,35
2535,NGA,Nigeria,Africa,Lower-Middle,2020-05-03,2020,5,18,9.08,8.67,1931.3,5576.269999999998,35
2536,NGA,Nigeria,Africa,Lower-Middle,2020-05-10,2020,5,19,9.08,8.67,1955.3,5604.7599999999975,36
2537,NGA,Nigeria,Africa,Lower-Middle,2020-05-17,2020,5,20,9.08,8.67,1972.3,5631.539999999997,37
2538,NGA,Nigeria,Africa,Lower-Middle,2020-05-24,2020,5,21,9.08,8.67,1978.0,5652.9699999999975,37
2539,NGA,Nigeria,Africa,Lower-Middle,2020-05-31,2020,5,22,9.08,8.67,1982.8,5674.019999999998,37
2540,NGA,Nigeria,Africa,Lower-Middle,2020-06-07,2020,6,23,9.08,8.67,2000.5,5698.069999999998,37
2541,NGA,Nigeria,Africa,Lower-Middle,2020-06-14,2020,6,24,9.08,8.67,2012.1,5720.479999999998,37
2542,NGA,Nigeria,Africa,Lower-Middle,2020-06-21,2020,6,25,9.08,8.67,2016.6,5742.0099999999975,37
2543,NGA,Nigeria,Africa,Lower-Middle,2020-06-28,2020,6,26,9.08,8.67,2016.6,5761.529999999998,37
2544,NGA,Nigeria,Africa,Lower-Middle,2020-07-05,2020,7,27,9.08,8.67,2016.6,5781.889999999998,37
2545,NGA,Nigeria,Africa,Lower-Middle,2020-07-12,2020,7,28,9.08,8.67,2016.6,5800.649999999998,37
2546,NGA,Nigeria,Africa,Lower-Middle,2020-07-19,2020,7,29,9.08,8.67,2016.6,5817.559999999998,37
2547,NGA,Nigeria,Africa,Lower-Middle,2020-07-26,2020,7,30,9.08,8.67,2018.5,5834.749999999997,37
2548,NGA,Nigeria,Africa,Lower-Middle,2020-08-02,2020,8,31,9.08,8.67,2018.5,5847.609999999997,37
2549,NGA,Nigeria,Africa,Lower-Middle,2020-08-09,2020,8,32,9.08,8.67,2019.0,5864.0499999999965,37
2550,NGA,Nigeria,Africa,Lower-Middle,2020-08-16,2020,8,33,9.08,8.67,2019.0,5876.319999999997,37
2551,NGA,Nigeria,Africa,Lower-Middle,2020-08-23,2020,8,34,9.08,8.67,2019.0,5889.779999999997,37
2552,NGA,Nigeria,Africa,Lower-Middle,2020-08-30,2020,8,35,9.08,8.67,2019.0,5902.219999999997,37
2553,NGA,Nigeria,Africa,Lower-Middle,2020-09-06,2020,9,36,9.08,8.67,2019.0,5912.1299999999965,37
2554,NGA,Nigeria,Africa,Lower-Middle,2020-09-13,2020,9,37,9.08,8.67,2019.0,5923.679999999997,37
2555,NGA,Nigeria,Africa,Lower-Middle,2020-09-20,2020,9,38,9.08,8.67,2019.0,5937.209999999996,37
2556,NGA,Nigeria,Africa,Lower-Middle,2020-09-27,2020,9,39,9.08,8.67,2019.0,5945.219999999997,37
2557,NGA,Nigeria,Africa,Lower-Middle,2020-10-04,2020,10,40,9.08,8.67,2019.0,5956.509999999997,37
2558,NGA,Nigeria,Africa,Lower-Middle,2020-10-11,2020,10,41,9.08,8.67,2019.0,5967.0899999999965,37
2559,NGA,Nigeria,Africa,Lower-Middle,2020-10-18,2020,10,42,9.08,8.67,2019.0,5981.749999999996,37
2560,NGA,Nigeria,Africa,Lower-Middle,2020-10-25,2020,10,43,9.08,8.67,2019.0,5993.969999999997,37
2561,NGA,Nigeria,Africa,Lower-Middle,2020-11-01,2020,11,44,9.08,8.67,2019.0,6007.3799999999965,37
2562,NGA,Nigeria,Africa,Lower-Middle,2020-11-08,2020,11,45,9.08,8.67,2019.0,6020.079999999996,37
2563,NGA,Nigeria,Africa,Lower-Middle,2020-11-15,2020,11,46,9.08,8.67,2021.2,6036.679999999997,37
2564,NGA,Nigeria,Africa,Lower-Middle,2020-11-22,2020,11,47,9.08,8.67,2021.2,6049.949999999997,37
2565,NGA,Nigeria,Africa,Lower-Middle,2020-11-29,2020,11,48,9.08,8.67,2021.2,6064.729999999997,37
2566,NGA,Nigeria,Africa,Lower-Middle,2020-12-06,2020,12,49,9.08,8.67,2037.8,6085.909999999997,37
2567,NGA,Nigeria,Africa,Lower-Middle,2020-12-13,2020,12,50,9.08,8.67,2037.8,6101.889999999997,37
2568,NGA,Nigeria,Africa,Lower-Middle,2020-12-20,2020,12,51,9.08,8.67,2037.8,6121.859999999997,37
2569,NGA,Nigeria,Africa,Lower-Middle,2020-12-27,2020,12,52,9.08,8.67,2042.8,6144.0899999999965,37
2570,NGA,Nigeria,Africa,Lower-Middle,2021-01-03,2021,1,53,9.08,8.67,2042.8,6164.189999999997,37
2571,NGA,Nigeria,Africa,Lower-Middle,2021-01-10,2021,1,1,9.08,8.67,2044.1,6184.749999999997,37
2572,NGA,Nigeria,Africa,Lower-Middle,2021-01-17,2021,1,2,9.08,8.67,2052.7,6205.449999999997,37
2573,NGA,Nigeria,Africa,Lower-Middle,2021-01-24,2021,1,3,9.08,8.67,2052.7,6224.569999999997,37
2574,NGA,Nigeria,Africa,Lower-Middle,2021-01-31,2021,1,4,9.08,8.67,2074.7999999999997,6250.529999999997,38
2575,NGA,Nigeria,Africa,Lower-Middle,2021-02-07,2021,2,5,9.08,8.67,2094.8999999999996,6280.609999999997,38
2576,NGA,Nigeria,Africa,Lower-Middle,2021-02-14,2021,2,6,9.08,8.67,2109.7,6307.949999999997,38
2577,NGA,Nigeria,Africa,Lower-Middle,2021-02-21,2021,2,7,9.08,8.67,2126.7,6334.949999999997,38
2578,NGA,Nigeria,Africa,Lower-Middle,2021-02-28,2021,2,8,9.08,8.67,2137.3999999999996,6362.939999999997,38
2579,NGA,Nigeria,Africa,Lower-Middle,2021-03-07,2021,3,9,9.08,8.67,2163.5999999999995,6389.259999999997,39
2580,NGA,Nigeria,Africa,Lower-Middle,2021-03-14,2021,3,10,9.08,8.67,2181.8999999999996,6418.989999999996,39
2581,NGA,Nigeria,Africa,Lower-Middle,2021-03-21,2021,3,11,9.08,8.67,2201.5999999999995,6446.859999999996,39
2582,NGA,Nigeria,Africa,Lower-Middle,2021-03-28,2021,3,12,9.08,8.67,2215.3999999999996,6475.529999999996,39
2583,NGA,Nigeria,Africa,Lower-Middle,2021-04-04,2021,4,13,9.08,8.67,2242.7999999999997,6504.869999999996,40
2584,NGA,Nigeria,Africa,Lower-Middle,2021-04-11,2021,4,14,9.08,8.67,2282.8999999999996,6532.959999999996,43
2585,NGA,Nigeria,Africa,Lower-Middle,2021-04-18,2021,4,15,9.08,8.67,2303.7999999999997,6563.269999999997,43
2586,NGA,Nigeria,Africa,Lower-Middle,2021-04-25,2021,4,16,9.08,8.67,2323.7,6593.0899999999965,43
2587,NGA,Nigeria,Africa,Lower-Middle,2021-05-02,2021,5,17,9.08,8.67,2341.7999999999997,6617.909999999996,44
2588,NGA,Nigeria,Africa,Lower-Middle,2021-05-09,2021,5,18,9.08,8.67,2356.2,6643.619999999996,44
2589,NGA,Nigeria,Africa,Lower-Middle,2021-05-16,2021,5,19,9.08,8.67,2387.3999999999996,6668.599999999996,46
2590,NGA,Nigeria,Africa,Lower-Middle,2021-05-23,2021,5,20,9.08,8.67,2395.7,6690.629999999996,46
2591,NGA,Nigeria,Africa,Lower-Middle,2021-05-30,2021,5,21,9.08,8.67,2395.7,6710.639999999996,46
2592,NGA,Nigeria,Africa,Lower-Middle,2021-06-06,2021,6,22,9.08,8.67,2405.7999999999997,6733.969999999996,46
2593,NGA,Nigeria,Africa,Lower-Middle,2021-06-13,2021,6,23,9.08,8.67,2425.4999999999995,6759.449999999995,46
2594,NGA,Nigeria,Africa,Lower-Middle,2021-06-20,2021,6,24,9.08,8.67,2435.0999999999995,6780.509999999996,46
2595,NGA,Nigeria,Africa,Lower-Middle,2021-06-27,2021,6,25,9.08,8.67,2435.0999999999995,6798.309999999996,46
2596,NGA,Nigeria,Africa,Lower-Middle,2021-07-04,2021,7,26,9.08,8.67,2439.4999999999995,6815.079999999996,46
2597,NGA,Nigeria,Africa,Lower-Middle,2021-07-11,2021,7,27,9.08,8.67,2439.4999999999995,6831.8399999999965,46
2598,NGA,Nigeria,Africa,Lower-Middle,2021-07-18,2021,7,28,9.08,8.67,2442.8999999999996,6850.699999999996,46
2599,NGA,Nigeria,Africa,Lower-Middle,2021-07-25,2021,7,29,9.08,8.67,2445.7,6869.669999999996,46
2600,NGA,Nigeria,Africa,Lower-Middle,2021-08-01,2021,8,30,9.08,8.67,2445.7,6883.139999999997,46
2601,NGA,Nigeria,Africa,Lower-Middle,2021-08-08,2021,8,31,9.08,8.67,2445.7,6896.5499999999965,46
2602,NGA,Nigeria,Africa,Lower-Middle,2021-08-15,2021,8,32,9.08,8.67,2445.7,6908.349999999997,46
2603,NGA,Nigeria,Africa,Lower-Middle,2021-08-22,2021,8,33,9.08,8.67,2445.7,6919.759999999997,46
2604,NGA,Nigeria,Africa,Lower-Middle,2021-08-29,2021,8,34,9.08,8.67,2445.7,6933.209999999996,46
2605,NGA,Nigeria,Africa,Lower-Middle,2021-09-05,2021,9,35,9.08,8.67,2445.7,6947.259999999997,46
2606,NGA,Nigeria,Africa,Lower-Middle,2021-09-12,2021,9,36,9.08,8.67,2445.7,6959.3799999999965,46
2607,NGA,Nigeria,Africa,Lower-Middle,2021-09-19,2021,9,37,9.08,8.67,2445.7,6974.5499999999965,46
2608,NGA,Nigeria,Africa,Lower-Middle,2021-09-26,2021,9,38,9.08,8.67,2445.7,6985.719999999997,46
2609,NGA,Nigeria,Africa,Lower-Middle,2021-10-03,2021,10,39,9.08,8.67,2445.7,6998.479999999997,46
2610,NGA,Nigeria,Africa,Lower-Middle,2021-10-10,2021,10,40,9.08,8.67,2445.7,7009.269999999997,46
2611,NGA,Nigeria,Africa,Lower-Middle,2021-10-17,2021,10,41,9.08,8.67,2445.7,7018.529999999997,46
2612,NGA,Nigeria,Africa,Lower-Middle,2021-10-24,2021,10,42,9.08,8.67,2445.7,7032.839999999997,46
2613,NGA,Nigeria,Africa,Lower-Middle,2021-10-31,2021,10,43,9.08,8.67,2445.7,7044.629999999997,46
2614,NGA,Nigeria,Africa,Lower-Middle,2021-11-07,2021,11,44,9.08,8.67,2445.7,7058.589999999997,46
2615,NGA,Nigeria,Africa,Lower-Middle,2021-11-14,2021,11,45,9.08,8.67,2445.7,7072.989999999997,46
2616,NGA,Nigeria,Africa,Lower-Middle,2021-11-21,2021,11,46,9.08,8.67,2447.2,7089.669999999997,46
2617,NGA,Nigeria,Africa,Lower-Middle,2021-11-28,2021,11,47,9.08,8.67,2447.2,7106.559999999998,46
2618,NGA,Nigeria,Africa,Lower-Middle,2021-12-05,2021,12,48,9.08,8.67,2447.2,7122.549999999997,46
2619,NGA,Nigeria,Africa,Lower-Middle,2021-12-12,2021,12,49,9.08,8.67,2447.2,7137.959999999997,46
2620,NGA,Nigeria,Africa,Lower-Middle,2021-12-19,2021,12,50,9.08,8.67,2450.0,7155.609999999997,46
2621,NGA,Nigeria,Africa,Lower-Middle,2021-12-26,2021,12,51,9.08,8.67,2453.5,7174.3399999999965,46
2622,NGA,Nigeria,Africa,Lower-Middle,2022-01-02,2022,1,52,9.08,8.67,2457.8,7195.189999999997,46
2623,NGA,Nigeria,Africa,Lower-Middle,2022-01-09,2022,1,1,9.08,8.67,2464.6000000000004,7216.969999999997,46
2624,NGA,Nigeria,Africa,Lower-Middle,2022-01-16,2022,1,2,9.08,8.67,2475.6000000000004,7242.329999999996,46
2625,NGA,Nigeria,Africa,Lower-Middle,2022-01-23,2022,1,3,9.08,8.67,2477.9000000000005,7264.869999999996,46
2626,NGA,Nigeria,Africa,Lower-Middle,2022-01-30,2022,1,4,9.08,8.67,2480.1000000000004,7286.999999999996,46
2627,NGA,Nigeria,Africa,Lower-Middle,2022-02-06,2022,2,5,9.08,8.67,2491.3,7310.599999999997,46
2628,NGA,Nigeria,Africa,Lower-Middle,2022-02-13,2022,2,6,9.08,8.67,2517.5,7335.309999999997,48
2629,NGA,Nigeria,Africa,Lower-Middle,2022-02-20,2022,2,7,9.08,8.67,2542.0,7362.649999999997,49
2630,NGA,Nigeria,Africa,Lower-Middle,2022-02-27,2022,2,8,9.08,8.67,2548.7,7386.619999999997,49
2631,NGA,Nigeria,Africa,Lower-Middle,2022-03-06,2022,3,9,9.08,8.67,2568.6,7415.839999999997,49
2632,NGA,Nigeria,Africa,Lower-Middle,2022-03-13,2022,3,10,9.08,8.67,2595.2999999999997,7444.079999999997,50
2633,NGA,Nigeria,Africa,Lower-Middle,2022-03-20,2022,3,11,9.08,8.67,2604.7,7469.4699999999975,50
2634,NGA,Nigeria,Africa,Lower-Middle,2022-03-27,2022,3,12,9.08,8.67,2631.3999999999996,7500.859999999998,50
2635,NGA,Nigeria,Africa,Lower-Middle,2022-04-03,2022,4,13,9.08,8.67,2659.4999999999995,7530.789999999998,50
2636,NGA,Nigeria,Africa,Lower-Middle,2022-04-10,2022,4,14,9.08,8.67,2683.4999999999995,7558.059999999999,51
2637,NGA,Nigeria,Africa,Lower-Middle,2022-04-17,2022,4,15,9.08,8.67,2709.5999999999995,7585.829999999999,52
2638,NGA,Nigeria,Africa,Lower-Middle,2022-04-24,2022,4,16,9.08,8.67,2728.2999999999993,7613.369999999999,52
2639,NGA,Nigeria,Africa,Lower-Middle,2022-05-01,2022,5,17,9.08,8.67,2748.7999999999993,7640.149999999999,52
2640,NGA,Nigeria,Africa,Lower-Middle,2022-05-08,2022,5,18,9.08,8.67,2754.5999999999995,7667.159999999999,52
2641,NGA,Nigeria,Africa,Lower-Middle,2022-05-15,2022,5,19,9.08,8.67,2773.3999999999996,7695.869999999999,52
2642,NGA,Nigeria,Africa,Lower-Middle,2022-05-22,2022,5,20,9.08,8.67,2805.4999999999995,7721.439999999999,54
2643,NGA,Nigeria,Africa,Lower-Middle,2022-05-29,2022,5,21,9.08,8.67,2810.0999999999995,7745.279999999999,54
2644,NGA,Nigeria,Africa,Lower-Middle,2022-06-05,2022,6,22,9.08,8.67,2815.4999999999995,7771.1399999999985,54
2645,NGA,Nigeria,Africa,Lower-Middle,2022-06-12,2022,6,23,9.08,8.67,2822.5999999999995,7793.769999999999,54
2646,NGA,Nigeria,Africa,Lower-Middle,2022-06-19,2022,6,24,9.08,8.67,2825.6999999999994,7814.699999999999,54
2647,NGA,Nigeria,Africa,Lower-Middle,2022-06-26,2022,6,25,9.08,8.67,2831.5999999999995,7832.749999999999,54
2648,NGA,Nigeria,Africa,Lower-Middle,2022-07-03,2022,7,26,9.08,8.67,2831.5999999999995,7853.259999999999,54
2649,NGA,Nigeria,Africa,Lower-Middle,2022-07-10,2022,7,27,9.08,8.67,2831.5999999999995,7871.389999999999,54
2650,NGA,Nigeria,Africa,Lower-Middle,2022-07-17,2022,7,28,9.08,8.67,2831.5999999999995,7890.589999999999,54
2651,NGA,Nigeria,Africa,Lower-Middle,2022-07-24,2022,7,29,9.08,8.67,2831.5999999999995,7906.2699999999995,54
2652,NGA,Nigeria,Africa,Lower-Middle,2022-07-31,2022,7,30,9.08,8.67,2831.5999999999995,7923.669999999999,54
2653,NGA,Nigeria,Africa,Lower-Middle,2022-08-07,2022,8,31,9.08,8.67,2831.5999999999995,7939.999999999999,54
2654,NGA,Nigeria,Africa,Lower-Middle,2022-08-14,2022,8,32,9.08,8.67,2835.7999999999993,7957.779999999999,54
2655,NGA,Nigeria,Africa,Lower-Middle,2022-08-21,2022,8,33,9.08,8.67,2835.7999999999993,7972.689999999999,54
2656,NGA,Nigeria,Africa,Lower-Middle,2022-08-28,2022,8,34,9.08,8.67,2835.7999999999993,7986.5999999999985,54
2657,NGA,Nigeria,Africa,Lower-Middle,2022-09-04,2022,9,35,9.08,8.67,2835.7999999999993,8001.049999999998,54
2658,NGA,Nigeria,Africa,Lower-Middle,2022-09-11,2022,9,36,9.08,8.67,2835.7999999999993,8012.6399999999985,54
2659,NGA,Nigeria,Africa,Lower-Middle,2022-09-18,2022,9,37,9.08,8.67,2835.7999999999993,8024.039999999998,54
2660,NGA,Nigeria,Africa,Lower-Middle,2022-09-25,2022,9,38,9.08,8.67,2835.7999999999993,8037.459999999998,54
2661,NGA,Nigeria,Africa,Lower-Middle,2022-10-02,2022,10,39,9.08,8.67,2835.7999999999993,8049.719999999998,54
2662,NGA,Nigeria,Africa,Lower-Middle,2022-10-09,2022,10,40,9.08,8.67,2835.7999999999993,8060.289999999998,54
2663,NGA,Nigeria,Africa,Lower-Middle,2022-10-16,2022,10,41,9.08,8.67,2835.7999999999993,8070.259999999998,54
2664,NGA,Nigeria,Africa,Lower-Middle,2022-10-23,2022,10,42,9.08,8.67,2835.7999999999993,8084.289999999998,54
2665,NGA,Nigeria,Africa,Lower-Middle,2022-10-30,2022,10,43,9.08,8.67,2835.7999999999993,8097.959999999998,54
2666,NGA,Nigeria,Africa,Lower-Middle,2022-11-06,2022,11,44,9.08,8.67,2835.7999999999993,8108.3899999999985,54
2667,NGA,Nigeria,Africa,Lower-Middle,2022-11-13,2022,11,45,9.08,8.67,2835.7999999999993,8118.979999999999,54
2668,NGA,Nigeria,Africa,Lower-Middle,2022-11-20,2022,11,46,9.08,8.67,2835.7999999999993,8133.819999999999,54
2669,NGA,Nigeria,Africa,Lower-Middle,2022-11-27,2022,11,47,9.08,8.67,2835.7999999999993,8153.819999999999,54
2670,NGA,Nigeria,Africa,Lower-Middle,2022-12-04,2022,12,48,9.08,8.67,2835.7999999999993,8172.009999999998,54
2671,NGA,Nigeria,Africa,Lower-Middle,2022-12-11,2022,12,49,9.08,8.67,2835.7999999999993,8191.449999999998,54
2672,NGA,Nigeria,Africa,Lower-Middle,2022-12-18,2022,12,50,9.08,8.67,2840.1999999999994,8208.349999999999,54
2673,NGA,Nigeria,Africa,Lower-Middle,2022-12-25,2022,12,51,9.08,8.67,2847.6999999999994,8229.789999999999,54
2674,NGA,Nigeria,Africa,Lower-Middle,2023-01-01,2023,1,52,9.08,8.67,2847.6999999999994,8247.539999999999,54
2675,NGA,Nigeria,Africa,Lower-Middle,2023-01-08,2023,1,1,9.08,8.67,2853.899999999999,8270.769999999999,54
2676,NGA,Nigeria,Africa,Lower-Middle,2023-01-15,2023,1,2,9.08,8.67,2858.599999999999,8291.659999999998,54
2677,NGA,Nigeria,Africa,Lower-Middle,2023-01-22,2023,1,3,9.08,8.67,2877.099999999999,8317.219999999998,55
2678,NGA,Nigeria,Africa,Lower-Middle,2023-01-29,2023,1,4,9.08,8.67,2886.299999999999,8339.349999999997,55
2679,NGA,Nigeria,Africa,Lower-Middle,2023-02-05,2023,2,5,9.08,8.67,2890.599999999999,8364.649999999996,55
2680,NGA,Nigeria,Africa,Lower-Middle,2023-02-12,2023,2,6,9.08,8.67,2912.899999999999,8392.829999999996,55
2681,NGA,Nigeria,Africa,Lower-Middle,2023-02-19,2023,2,7,9.08,8.67,2918.599999999999,8416.559999999996,55
2682,NGA,Nigeria,Africa,Lower-Middle,2023-02-26,2023,2,8,9.08,8.67,2942.199999999999,8442.689999999995,55
2683,NGA,Nigeria,Africa,Lower-Middle,2023-03-05,2023,3,9,9.08,8.67,2955.299999999999,8467.659999999994,55
2684,NGA,Nigeria,Africa,Lower-Middle,2023-03-12,2023,3,10,9.08,8.67,2978.199999999999,8492.699999999995,57
2685,NGA,Nigeria,Africa,Lower-Middle,2023-03-19,2023,3,11,9.08,8.67,2994.099999999999,8519.709999999995,57
2686,NGA,Nigeria,Africa,Lower-Middle,2023-03-26,2023,3,12,9.08,8.67,3024.999999999999,8546.049999999996,60
2687,NGA,Nigeria,Africa,Lower-Middle,2023-04-02,2023,4,13,9.08,8.67,3047.099999999999,8576.829999999996,60
2688,NGA,Nigeria,Africa,Lower-Middle,2023-04-09,2023,4,14,9.08,8.67,3059.199999999999,8604.219999999996,60
2689,NGA,Nigeria,Africa,Lower-Middle,2023-04-16,2023,4,15,9.08,8.67,3077.299999999999,8633.149999999996,60
2690,NGA,Nigeria,Africa,Lower-Middle,2023-04-23,2023,4,16,9.08,8.67,3100.099999999999,8661.319999999996,61
2691,NGA,Nigeria,Africa,Lower-Middle,2023-04-30,2023,4,17,9.08,8.67,3115.999999999999,8687.559999999996,61
2692,NGA,Nigeria,Africa,Lower-Middle,2023-05-07,2023,5,18,9.08,8.67,3129.399999999999,8714.039999999995,62
2693,NGA,Nigeria,Africa,Lower-Middle,2023-05-14,2023,5,19,9.08,8.67,3153.399999999999,8739.629999999996,64
2694,NGA,Nigeria,Africa,Lower-Middle,2023-05-21,2023,5,20,9.08,8.67,3159.499999999999,8762.479999999996,64
2695,NGA,Nigeria,Africa,Lower-Middle,2023-05-28,2023,5,21,9.08,8.67,3163.199999999999,8784.029999999995,64
2696,NGA,Nigeria,Africa,Lower-Middle,2023-06-04,2023,6,22,9.08,8.67,3189.299999999999,8809.479999999996,66
2697,NGA,Nigeria,Africa,Lower-Middle,2023-06-11,2023,6,23,9.08,8.67,3197.799999999999,8833.939999999995,66
2698,NGA,Nigeria,Africa,Lower-Middle,2023-06-18,2023,6,24,9.08,8.67,3208.199999999999,8857.389999999996,66
2699,NGA,Nigeria,Africa,Lower-Middle,2023-06-25,2023,6,25,9.08,8.67,3208.199999999999,8880.439999999995,66
2700,NGA,Nigeria,Africa,Lower-Middle,2023-07-02,2023,7,26,9.08,8.67,3213.599999999999,8902.369999999995,66
2701,NGA,Nigeria,Africa,Lower-Middle,2023-07-09,2023,7,27,9.08,8.67,3213.599999999999,8920.359999999995,66
2702,NGA,Nigeria,Africa,Lower-Middle,2023-07-16,2023,7,28,9.08,8.67,3213.599999999999,8935.839999999995,66
2703,NGA,Nigeria,Africa,Lower-Middle,2023-07-23,2023,7,29,9.08,8.67,3220.999999999999,8957.599999999995,66
2704,NGA,Nigeria,Africa,Lower-Middle,2023-07-30,2023,7,30,9.08,8.67,3220.999999999999,8973.949999999995,66
2705,NGA,Nigeria,Africa,Lower-Middle,2023-08-06,2023,8,31,9.08,8.67,3220.999999999999,8992.579999999994,66
2706,NGA,Nigeria,Africa,Lower-Middle,2023-08-13,2023,8,32,9.08,8.67,3220.999999999999,9006.679999999995,66
2707,NGA,Nigeria,Africa,Lower-Middle,2023-08-20,2023,8,33,9.08,8.67,3220.999999999999,9019.659999999994,66
2708,NGA,Nigeria,Africa,Lower-Middle,2023-08-27,2023,8,34,9.08,8.67,3220.999999999999,9032.809999999994,66
2709,NGA,Nigeria,Africa,Lower-Middle,2023-09-03,2023,9,35,9.08,8.67,3220.999999999999,9044.469999999994,66
2710,NGA,Nigeria,Africa,Lower-Middle,2023-09-10,2023,9,36,9.08,8.67,3220.999999999999,9057.669999999995,66
2711,NGA,Nigeria,Africa,Lower-Middle,2023-09-17,2023,9,37,9.08,8.67,3220.999999999999,9066.019999999995,66
2712,NGA,Nigeria,Africa,Lower-Middle,2023-09-24,2023,9,38,9.08,8.67,3220.999999999999,9077.039999999995,66
2713,NGA,Nigeria,Africa,Lower-Middle,2023-10-01,2023,10,39,9.08,8.67,3220.999999999999,9088.669999999995,66
2714,NGA,Nigeria,Africa,Lower-Middle,2023-10-08,2023,10,40,9.08,8.67,3220.999999999999,9102.389999999994,66
2715,NGA,Nigeria,Africa,Lower-Middle,2023-10-15,2023,10,41,9.08,8.67,3220.999999999999,9111.689999999993,66
2716,NGA,Nigeria,Africa,Lower-Middle,2023-10-22,2023,10,42,9.08,8.67,3220.999999999999,9121.319999999992,66
2717,NGA,Nigeria,Africa,Lower-Middle,2023-10-29,2023,10,43,9.08,8.67,3220.999999999999,9132.609999999993,66
2718,NGA,Nigeria,Africa,Lower-Middle,2023-11-05,2023,11,44,9.08,8.67,3220.999999999999,9142.909999999993,66
2719,NGA,Nigeria,Africa,Lower-Middle,2023-11-12,2023,11,45,9.08,8.67,3220.999999999999,9157.339999999993,66
2720,NGA,Nigeria,Africa,Lower-Middle,2023-11-19,2023,11,46,9.08,8.67,3220.999999999999,9171.699999999993,66
2721,NGA,Nigeria,Africa,Lower-Middle,2023-11-26,2023,11,47,9.08,8.67,3220.999999999999,9185.569999999994,66
2722,NGA,Nigeria,Africa,Lower-Middle,2023-12-03,2023,12,48,9.08,8.67,3220.999999999999,9200.089999999995,66
2723,NGA,Nigeria,Africa,Lower-Middle,2023-12-10,2023,12,49,9.08,8.67,3220.999999999999,9219.439999999995,66
2724,NGA,Nigeria,Africa,Lower-Middle,2023-12-17,2023,12,50,9.08,8.67,3225.699999999999,9239.409999999994,66
2725,NGA,Nigeria,Africa,Lower-Middle,2023-12-24,2023,12,51,9.08,8.67,3225.699999999999,9258.049999999994,66
2726,NGA,Nigeria,Africa,Lower-Middle,2023-12-31,2023,12,52,9.08,8.67,3227.999999999999,9277.109999999993,66
2727,NGA,Nigeria,Africa,Lower-Middle,2024-01-07,2024,1,1,9.08,8.67,3227.999999999999,9297.219999999994,66
2728,NGA,Nigeria,Africa,Lower-Middle,2024-01-14,2024,1,2,9.08,8.67,3231.199999999999,9319.549999999994,66
2729,NGA,Nigeria,Africa,Lower-Middle,2024-01-21,2024,1,3,9.08,8.67,3231.199999999999,9342.699999999993,66
2730,NGA,Nigeria,Africa,Lower-Middle,2024-01-28,2024,1,4,9.08,8.67,3233.8999999999987,9365.319999999994,66
2731,NGA,Nigeria,Africa,Lower-Middle,2024-02-04,2024,2,5,9.08,8.67,3247.5999999999985,9391.189999999995,66
2732,NGA,Nigeria,Africa,Lower-Middle,2024-02-11,2024,2,6,9.08,8.67,3278.0999999999985,9420.389999999996,67
2733,NGA,Nigeria,Africa,Lower-Middle,2024-02-18,2024,2,7,9.08,8.67,3299.1999999999985,9445.649999999996,68
2734,NGA,Nigeria,Africa,Lower-Middle,2024-02-25,2024,2,8,9.08,8.67,3322.9999999999986,9470.609999999995,69
2735,NGA,Nigeria,Africa,Lower-Middle,2024-03-03,2024,3,9,9.08,8.67,3334.0999999999985,9497.199999999995,70
2736,NGA,Nigeria,Africa,Lower-Middle,2024-03-10,2024,3,10,9.08,8.67,3354.0999999999985,9522.219999999996,70
2737,NGA,Nigeria,Africa,Lower-Middle,2024-03-17,2024,3,11,9.08,8.67,3375.9999999999986,9550.629999999996,70
2738,NGA,Nigeria,Africa,Lower-Middle,2024-03-24,2024,3,12,9.08,8.67,3386.5999999999985,9576.359999999995,70
2739,NGA,Nigeria,Africa,Lower-Middle,2024-03-31,2024,3,13,9.08,8.67,3399.2999999999984,9602.439999999995,70
2740,NGA,Nigeria,Africa,Lower-Middle,2024-04-07,2024,4,14,9.08,8.67,3412.3999999999983,9631.569999999994,70
2741,NGA,Nigeria,Africa,Lower-Middle,2024-04-14,2024,4,15,9.08,8.67,3426.3999999999983,9660.599999999995,70
2742,NGA,Nigeria,Africa,Lower-Middle,2024-04-21,2024,4,16,9.08,8.67,3447.2999999999984,9686.839999999995,71
2743,NGA,Nigeria,Africa,Lower-Middle,2024-04-28,2024,4,17,9.08,8.67,3475.499999999998,9713.619999999995,72
2744,NGA,Nigeria,Africa,Lower-Middle,2024-05-05,2024,5,18,9.08,8.67,3500.7999999999984,9742.029999999995,73
2745,NGA,Nigeria,Africa,Lower-Middle,2024-05-12,2024,5,19,9.08,8.67,3517.999999999998,9764.879999999996,73
2746,NGA,Nigeria,Africa,Lower-Middle,2024-05-19,2024,5,20,9.08,8.67,3524.999999999998,9790.009999999995,73
2747,NGA,Nigeria,Africa,Lower-Middle,2024-05-26,2024,5,21,9.08,8.67,3540.699999999998,9819.899999999994,73
2748,NGA,Nigeria,Africa,Lower-Middle,2024-06-02,2024,6,22,9.08,8.67,3551.799999999998,9842.469999999994,73
2749,NGA,Nigeria,Africa,Lower-Middle,2024-06-09,2024,6,23,9.08,8.67,3554.399999999998,9865.429999999993,73
2750,NGA,Nigeria,Africa,Lower-Middle,2024-06-16,2024,6,24,9.08,8.67,3554.399999999998,9883.169999999993,73
2751,NGA,Nigeria,Africa,Lower-Middle,2024-06-23,2024,6,25,9.08,8.67,3567.899999999998,9904.789999999994,73
2752,NGA,Nigeria,Africa,Lower-Middle,2024-06-30,2024,6,26,9.08,8.67,3574.0999999999976,9926.449999999993,73
2753,NGA,Nigeria,Africa,Lower-Middle,2024-07-07,2024,7,27,9.08,8.67,3574.0999999999976,9944.539999999994,73
2754,NGA,Nigeria,Africa,Lower-Middle,2024-07-14,2024,7,28,9.08,8.67,3574.0999999999976,9965.909999999994,73
2755,NGA,Nigeria,Africa,Lower-Middle,2024-07-21,2024,7,29,9.08,8.67,3574.0999999999976,9983.609999999995,73
2756,NGA,Nigeria,Africa,Lower-Middle,2024-07-28,2024,7,30,9.08,8.67,3574.0999999999976,10001.869999999995,73
2757,NGA,Nigeria,Africa,Lower-Middle,2024-08-04,2024,8,31,9.08,8.67,3576.399999999998,10020.569999999996,73
2758,NGA,Nigeria,Africa,Lower-Middle,2024-08-11,2024,8,32,9.08,8.67,3576.399999999998,10033.709999999995,73
2759,NGA,Nigeria,Africa,Lower-Middle,2024-08-18,2024,8,33,9.08,8.67,3576.399999999998,10048.159999999996,73
2760,NGA,Nigeria,Africa,Lower-Middle,2024-08-25,2024,8,34,9.08,8.67,3576.399999999998,10064.569999999996,73
2761,NGA,Nigeria,Africa,Lower-Middle,2024-09-01,2024,9,35,9.08,8.67,3576.399999999998,10077.289999999995,73
2762,NGA,Nigeria,Africa,Lower-Middle,2024-09-08,2024,9,36,9.08,8.67,3576.399999999998,10087.689999999995,73
2763,NGA,Nigeria,Africa,Lower-Middle,2024-09-15,2024,9,37,9.08,8.67,3576.399999999998,10097.229999999996,73
2764,NGA,Nigeria,Africa,Lower-Middle,2024-09-22,2024,9,38,9.08,8.67,3576.399999999998,10110.129999999996,73
2765,NGA,Nigeria,Africa,Lower-Middle,2024-09-29,2024,9,39,9.08,8.67,3576.399999999998,10122.099999999995,73
2766,NGA,Nigeria,Africa,Lower-Middle,2024-10-06,2024,10,40,9.08,8.67,3576.399999999998,10134.389999999996,73
2767,NGA,Nigeria,Africa,Lower-Middle,2024-10-13,2024,10,41,9.08,8.67,3576.399999999998,10143.459999999995,73
2768,NGA,Nigeria,Africa,Lower-Middle,2024-10-20,2024,10,42,9.08,8.67,3576.399999999998,10154.969999999996,73
2769,NGA,Nigeria,Africa,Lower-Middle,2024-10-27,2024,10,43,9.08,8.67,3576.399999999998,10164.919999999996,73
2770,NGA,Nigeria,Africa,Lower-Middle,2024-11-03,2024,11,44,9.08,8.67,3577.9999999999977,10181.069999999996,73
2771,NGA,Nigeria,Africa,Lower-Middle,2024-11-10,2024,11,45,9.08,8.67,3577.9999999999977,10194.509999999997,73
2772,NGA,Nigeria,Africa,Lower-Middle,2024-11-17,2024,11,46,9.08,8.67,3577.9999999999977,10209.239999999996,73
2773,NGA,Nigeria,Africa,Lower-Middle,2024-11-24,2024,11,47,9.08,8.67,3577.9999999999977,10220.249999999996,73
2774,NGA,Nigeria,Africa,Lower-Middle,2024-12-01,2024,12,48,9.08,8.67,3577.9999999999977,10236.969999999996,73
2775,NGA,Nigeria,Africa,Lower-Middle,2024-12-08,2024,12,49,9.08,8.67,3577.9999999999977,10252.249999999996,73
2776,NGA,Nigeria,Africa,Lower-Middle,2024-12-15,2024,12,50,9.08,8.67,3577.9999999999977,10267.009999999997,73
2777,NGA,Nigeria,Africa,Lower-Middle,2024-12-22,2024,12,51,9.08,8.67,3577.9999999999977,10284.919999999996,73
2778,NGA,Nigeria,Africa,Lower-Middle,2024-12-29,2024,12,52,9.08,8.67,3577.9999999999977,10302.589999999997,73
2779,NGA,Nigeria,Africa,Lower-Middle,2025-01-05,2025,1,1,9.08,8.67,3577.9999999999977,10320.949999999997,73
2780,NGA,Nigeria,Africa,Lower-Middle,2025-01-12,2025,1,2,9.08,8.67,3580.9999999999977,10341.359999999997,73
2781,NGA,Nigeria,Africa,Lower-Middle,2025-01-19,2025,1,3,9.08,8.67,3582.9999999999977,10360.729999999998,73
2782,NGA,Nigeria,Africa,Lower-Middle,2025-01-26,2025,1,4,9.08,8.67,3590.1999999999975,10383.639999999998,73
2783,NGA,Nigeria,Africa,Lower-Middle,2025-02-02,2025,2,5,9.08,8.67,3598.6999999999975,10407.059999999998,73
2784,NGA,Nigeria,Africa,Lower-Middle,2025-02-09,2025,2,6,9.08,8.67,3610.7999999999975,10432.819999999998,74
2785,NGA,Nigeria,Africa,Lower-Middle,2025-02-16,2025,2,7,9.08,8.67,3645.1999999999975,10460.809999999998,76
2786,NGA,Nigeria,Africa,Lower-Middle,2025-02-23,2025,2,8,9.08,8.67,3662.4999999999977,10486.939999999997,77
2787,NGA,Nigeria,Africa,Lower-Middle,2025-03-02,2025,3,9,9.08,8.67,3678.399999999998,10516.779999999997,77
2788,NGA,Nigeria,Africa,Lower-Middle,2025-03-09,2025,3,10,9.08,8.67,3700.399999999998,10543.559999999998,78
2789,NGA,Nigeria,Africa,Lower-Middle,2025-03-16,2025,3,11,9.08,8.67,3712.9999999999977,10571.359999999997,78
2790,NGA,Nigeria,Africa,Lower-Middle,2025-03-23,2025,3,12,9.08,8.67,3727.899999999998,10600.009999999997,78
2791,NGA,Nigeria,Africa,Lower-Middle,2025-03-30,2025,3,13,9.08,8.67,3753.199999999998,10629.749999999996,78
2792,NGA,Nigeria,Africa,Lower-Middle,2025-04-06,2025,4,14,9.08,8.67,3779.299999999998,10659.819999999996,79
2793,NGA,Nigeria,Africa,Lower-Middle,2025-04-13,2025,4,15,9.08,8.67,3798.799999999998,10686.869999999995,79
2794,NGA,Nigeria,Africa,Lower-Middle,2025-04-20,2025,4,16,9.08,8.67,3809.799999999998,10712.109999999995,79
2795,NGA,Nigeria,Africa,Lower-Middle,2025-04-27,2025,4,17,9.08,8.67,3830.699999999998,10740.239999999994,79
2796,NGA,Nigeria,Africa,Lower-Middle,2025-05-04,2025,5,18,9.08,8.67,3843.299999999998,10766.559999999994,79
2797,NGA,Nigeria,Africa,Lower-Middle,2025-05-11,2025,5,19,9.08,8.67,3858.199999999998,10792.239999999994,79
2798,NGA,Nigeria,Africa,Lower-Middle,2025-05-18,2025,5,20,9.08,8.67,3875.099999999998,10817.819999999994,79
2799,NGA,Nigeria,Africa,Lower-Middle,2025-05-25,2025,5,21,9.08,8.67,3876.699999999998,10838.509999999995,79
2800,NGA,Nigeria,Africa,Lower-Middle,2025-06-01,2025,6,22,9.08,8.67,3894.599999999998,10864.919999999995,79
2801,NGA,Nigeria,Africa,Lower-Middle,2025-06-08,2025,6,23,9.08,8.67,3904.499999999998,10890.759999999995,79
2802,NGA,Nigeria,Africa,Lower-Middle,2025-06-15,2025,6,24,9.08,8.67,3905.999999999998,10911.999999999995,79
2803,NGA,Nigeria,Africa,Lower-Middle,2025-06-22,2025,6,25,9.08,8.67,3911.099999999998,10932.939999999995,79
2804,NGA,Nigeria,Africa,Lower-Middle,2025-06-29,2025,6,26,9.08,8.67,3911.099999999998,10950.599999999995,79
2805,NGA,Nigeria,Africa,Lower-Middle,2025-07-06,2025,7,27,9.08,8.67,3911.099999999998,10969.299999999996,79
2806,NGA,Nigeria,Africa,Lower-Middle,2025-07-13,2025,7,28,9.08,8.67,3911.099999999998,10983.479999999996,79
2807,NGA,Nigeria,Africa,Lower-Middle,2025-07-20,2025,7,29,9.08,8.67,3911.099999999998,10999.939999999995,79
2808,NGA,Nigeria,Africa,Lower-Middle,2025-07-27,2025,7,30,9.08,8.67,3911.099999999998,11015.979999999996,79
2809,NGA,Nigeria,Africa,Lower-Middle,2025-08-03,2025,8,31,9.08,8.67,3911.099999999998,11031.909999999996,79
2810,NGA,Nigeria,Africa,Lower-Middle,2025-08-10,2025,8,32,9.08,8.67,3911.099999999998,11049.459999999995,79
2811,NGA,Nigeria,Africa,Lower-Middle,2025-08-17,2025,8,33,9.08,8.67,3911.099999999998,11064.639999999996,79
2812,NGA,Nigeria,Africa,Lower-Middle,2025-08-24,2025,8,34,9.08,8.67,3911.099999999998,11078.609999999995,79
2813,NGA,Nigeria,Africa,Lower-Middle,2025-08-31,2025,8,35,9.08,8.67,3911.099999999998,11090.609999999995,79
2814,NGA,Nigeria,Africa,Lower-Middle,2025-09-07,2025,9,36,9.08,8.67,3911.099999999998,11100.349999999995,79
2815,NGA,Nigeria,Africa,Lower-Middle,2025-09-14,2025,9,37,9.08,8.67,3911.099999999998,11111.079999999994,79
2816,NGA,Nigeria,Africa,Lower-Middle,2025-09-21,2025,9,38,9.08,8.67,3911.099999999998,11126.549999999994,79
2817,NGA,Nigeria,Africa,Lower-Middle,2025-09-28,2025,9,39,9.08,8.67,3911.099999999998,11140.569999999994,79
2818,NGA,Nigeria,Africa,Lower-Middle,2025-10-05,2025,10,40,9.08,8.67,3911.099999999998,11155.019999999995,79
2819,NGA,Nigeria,Africa,Lower-Middle,2025-10-12,2025,10,41,9.08,8.67,3911.099999999998,11166.849999999995,79
2820,NGA,Nigeria,Africa,Lower-Middle,2025-10-19,2025,10,42,9.08,8.67,3911.099999999998,11181.249999999995,79
