record_id,country_code,country_name,region,income_level,date,year,month,week,latitude,longitude,gdp_per_capita_usd_cumsum,food_security_index_cumsum,mental_health_index_cumsum
6769,IDN,Indonesia,Southeast Asia,Lower-Middle,2015-01-04,2015,1,1,-0.78,113.92,2472.0,87.6,70.0
6770,IDN,Indonesia,Southeast Asia,Lower-Middle,2015-01-11,2015,1,2,-0.78,113.92,4944.0,174.2,129.5
6771,IDN,Indonesia,Southeast Asia,Lower-Middle,2015-01-18,2015,1,3,-0.78,113.92,7416.0,268.7,198.9
6772,IDN,Indonesia,Southeast Asia,Lower-Middle,2015-01-25,2015,1,4,-0.78,113.92,9888.0,358.7,261.6
6773,IDN,Indonesia,Southeast Asia,Lower-Middle,2015-02-01,2015,2,5,-0.78,113.92,12365.0,447.0,336.0
6774,IDN,Indonesia,Southeast Asia,Lower-Middle,2015-02-08,2015,2,6,-0.78,113.92,14842.0,529.5,391.6
6775,IDN,Indonesia,Southeast Asia,Lower-Middle,2015-02-15,2015,2,7,-0.78,113.92,17319.0,616.5,455.1
6776,IDN,Indonesia,Southeast Asia,Lower-Middle,2015-02-22,2015,2,8,-0.78,113.92,19796.0,713.3,520.9
6777,IDN,Indonesia,Southeast Asia,Lower-Middle,2015-03-01,2015,3,9,-0.78,113.92,22277.0,809.0,589.6
6778,IDN,Indonesia,Southeast Asia,Lower-Middle,2015-03-08,2015,3,10,-0.78,113.92,24758.0,897.3,655.4
6779,IDN,Indonesia,Southeast Asia,Lower-Middle,2015-03-15,2015,3,11,-0.78,113.92,27239.0,989.0999999999999,727.6
6780,IDN,Indonesia,Southeast Asia,Lower-Middle,2015-03-22,2015,3,12,-0.78,113.92,29720.0,1081.0,798.3000000000001
6781,IDN,Indonesia,Southeast Asia,Lower-Middle,2015-03-29,2015,3,13,-0.78,113.92,32201.0,1161.5,869.0000000000001
6782,IDN,Indonesia,Southeast Asia,Lower-Middle,2015-04-05,2015,4,14,-0.78,113.92,34686.0,1247.9,941.6000000000001
6783,IDN,Indonesia,Southeast Asia,Lower-Middle,2015-04-12,2015,4,15,-0.78,113.92,37171.0,1335.4,1010.3000000000002
6784,IDN,Indonesia,Southeast Asia,Lower-Middle,2015-04-19,2015,4,16,-0.78,113.92,39656.0,1423.6000000000001,1081.3000000000002
6785,IDN,Indonesia,Southeast Asia,Lower-Middle,2015-04-26,2015,4,17,-0.78,113.92,42141.0,1512.6000000000001,1148.8000000000002
6786,IDN,Indonesia,Southeast Asia,Lower-Middle,2015-05-03,2015,5,18,-0.78,113.92,44630.0,1600.4,1220.3000000000002
6787,IDN,Indonesia,Southeast Asia,Lower-Middle,2015-05-10,2015,5,19,-0.78,113.92,47119.0,1690.2,1279.5000000000002
6788,IDN,Indonesia,Southeast Asia,Lower-Middle,2015-05-17,2015,5,20,-0.78,113.92,49608.0,1778.0,1356.4000000000003
6789,IDN,Indonesia,Southeast Asia,Lower-Middle,2015-05-24,2015,5,21,-0.78,113.92,52097.0,1866.7,1423.6000000000004
6790,IDN,Indonesia,Southeast Asia,Lower-Middle,2015-05-31,2015,5,22,-0.78,113.92,54586.0,1941.3,1484.9000000000003
6791,IDN,Indonesia,Southeast Asia,Lower-Middle,2015-06-07,2015,6,23,-0.78,113.92,57079.0,2032.0,1549.9000000000003
6792,IDN,Indonesia,Southeast Asia,Lower-Middle,2015-06-14,2015,6,24,-0.78,113.92,59572.0,2117.2,1630.8000000000004
6793,IDN,Indonesia,Southeast Asia,Lower-Middle,2015-06-21,2015,6,25,-0.78,113.92,62065.0,2198.7999999999997,1704.4000000000003
6794,IDN,Indonesia,Southeast Asia,Lower-Middle,2015-06-28,2015,6,26,-0.78,113.92,64558.0,2286.1,1779.5000000000002
6795,IDN,Indonesia,Southeast Asia,Lower-Middle,2015-07-05,2015,7,27,-0.78,113.92,67055.0,2377.1,1854.7000000000003
6796,IDN,Indonesia,Southeast Asia,Lower-Middle,2015-07-12,2015,7,28,-0.78,113.92,69552.0,2471.2999999999997,1922.5000000000002
6797,IDN,Indonesia,Southeast Asia,Lower-Middle,2015-07-19,2015,7,29,-0.78,113.92,72049.0,2554.7999999999997,1995.4000000000003
6798,IDN,Indonesia,Southeast Asia,Lower-Middle,2015-07-26,2015,7,30,-0.78,113.92,74546.0,2640.8999999999996,2069.9000000000005
6799,IDN,Indonesia,Southeast Asia,Lower-Middle,2015-08-02,2015,8,31,-0.78,113.92,77047.0,2734.5999999999995,2145.1000000000004
6800,IDN,Indonesia,Southeast Asia,Lower-Middle,2015-08-09,2015,8,32,-0.78,113.92,79548.0,2830.9999999999995,2217.3
6801,IDN,Indonesia,Southeast Asia,Lower-Middle,2015-08-16,2015,8,33,-0.78,113.92,82049.0,2926.8999999999996,2279.4
6802,IDN,Indonesia,Southeast Asia,Lower-Middle,2015-08-23,2015,8,34,-0.78,113.92,84550.0,3013.5999999999995,2359.5
6803,IDN,Indonesia,Southeast Asia,Lower-Middle,2015-08-30,2015,8,35,-0.78,113.92,87051.0,3102.1999999999994,2430.9
6804,IDN,Indonesia,Southeast Asia,Lower-Middle,2015-09-06,2015,9,36,-0.78,113.92,89556.0,3185.899999999999,2509.1
6805,IDN,Indonesia,Southeast Asia,Lower-Middle,2015-09-13,2015,9,37,-0.78,113.92,92061.0,3275.6999999999994,2574.4
6806,IDN,Indonesia,Southeast Asia,Lower-Middle,2015-09-20,2015,9,38,-0.78,113.92,94566.0,3360.6999999999994,2643.9
6807,IDN,Indonesia,Southeast Asia,Lower-Middle,2015-09-27,2015,9,39,-0.78,113.92,97071.0,3425.899999999999,2705.1
6808,IDN,Indonesia,Southeast Asia,Lower-Middle,2015-10-04,2015,10,40,-0.78,113.92,99581.0,3514.599999999999,2775.5
6809,IDN,Indonesia,Southeast Asia,Lower-Middle,2015-10-11,2015,10,41,-0.78,113.92,102091.0,3601.599999999999,2842.3
6810,IDN,Indonesia,Southeast Asia,Lower-Middle,2015-10-18,2015,10,42,-0.78,113.92,104601.0,3690.799999999999,2914.8
6811,IDN,Indonesia,Southeast Asia,Lower-Middle,2015-10-25,2015,10,43,-0.78,113.92,107111.0,3786.8999999999987,2994.6000000000004
6812,IDN,Indonesia,Southeast Asia,Lower-Middle,2015-11-01,2015,11,44,-0.78,113.92,109625.0,3874.8999999999987,3063.8
6813,IDN,Indonesia,Southeast Asia,Lower-Middle,2015-11-08,2015,11,45,-0.78,113.92,112139.0,3964.3999999999987,3138.2000000000003
6814,IDN,Indonesia,Southeast Asia,Lower-Middle,2015-11-15,2015,11,46,-0.78,113.92,114653.0,4054.8999999999987,3203.7000000000003
6815,IDN,Indonesia,Southeast Asia,Lower-Middle,2015-11-22,2015,11,47,-0.78,113.92,117167.0,4145.899999999999,3273.1000000000004
6816,IDN,Indonesia,Southeast Asia,Lower-Middle,2015-11-29,2015,11,48,-0.78,113.92,119681.0,4240.0999999999985,3338.7000000000003
6817,IDN,Indonesia,Southeast Asia,Lower-Middle,2015-12-06,2015,12,49,-0.78,113.92,122199.0,4321.299999999998,3415.5000000000005
6818,IDN,Indonesia,Southeast Asia,Lower-Middle,2015-12-13,2015,12,50,-0.78,113.92,124717.0,4404.999999999998,3490.5000000000005
6819,IDN,Indonesia,Southeast Asia,Lower-Middle,2015-12-20,2015,12,51,-0.78,113.92,127235.0,4491.799999999998,3566.0000000000005
6820,IDN,Indonesia,Southeast Asia,Lower-Middle,2015-12-27,2015,12,52,-0.78,113.92,129753.0,4582.0999999999985,3637.2000000000003
6821,IDN,Indonesia,Southeast Asia,Lower-Middle,2016-01-03,2016,1,53,-0.78,113.92,132275.0,4670.699999999999,3703.5000000000005
6822,IDN,Indonesia,Southeast Asia,Lower-Middle,2016-01-10,2016,1,1,-0.78,113.92,134797.0,4752.5999999999985,3779.5000000000005
6823,IDN,Indonesia,Southeast Asia,Lower-Middle,2016-01-17,2016,1,2,-0.78,113.92,137319.0,4844.5999999999985,3843.1000000000004
6824,IDN,Indonesia,Southeast Asia,Lower-Middle,2016-01-24,2016,1,3,-0.78,113.92,139841.0,4936.899999999999,3916.4000000000005
6825,IDN,Indonesia,Southeast Asia,Lower-Middle,2016-01-31,2016,1,4,-0.78,113.92,142363.0,5020.699999999999,3984.8000000000006
6826,IDN,Indonesia,Southeast Asia,Lower-Middle,2016-02-07,2016,2,5,-0.78,113.92,144889.0,5110.5999999999985,4051.9000000000005
6827,IDN,Indonesia,Southeast Asia,Lower-Middle,2016-02-14,2016,2,6,-0.78,113.92,147415.0,5200.799999999998,4119.8
6828,IDN,Indonesia,Southeast Asia,Lower-Middle,2016-02-21,2016,2,7,-0.78,113.92,149941.0,5294.0999999999985,4192.400000000001
6829,IDN,Indonesia,Southeast Asia,Lower-Middle,2016-02-28,2016,2,8,-0.78,113.92,152467.0,5384.999999999998,4256.000000000001
6830,IDN,Indonesia,Southeast Asia,Lower-Middle,2016-03-06,2016,3,9,-0.78,113.92,154997.0,5474.299999999998,4321.000000000001
6831,IDN,Indonesia,Southeast Asia,Lower-Middle,2016-03-13,2016,3,10,-0.78,113.92,157527.0,5570.799999999998,4391.900000000001
6832,IDN,Indonesia,Southeast Asia,Lower-Middle,2016-03-20,2016,3,11,-0.78,113.92,160057.0,5656.199999999998,4459.400000000001
6833,IDN,Indonesia,Southeast Asia,Lower-Middle,2016-03-27,2016,3,12,-0.78,113.92,162587.0,5748.699999999998,4527.8
6834,IDN,Indonesia,Southeast Asia,Lower-Middle,2016-04-03,2016,4,13,-0.78,113.92,165121.0,5829.699999999998,4608.0
6835,IDN,Indonesia,Southeast Asia,Lower-Middle,2016-04-10,2016,4,14,-0.78,113.92,167655.0,5916.299999999998,4679.3
6836,IDN,Indonesia,Southeast Asia,Lower-Middle,2016-04-17,2016,4,15,-0.78,113.92,170189.0,6008.499999999998,4755.6
6837,IDN,Indonesia,Southeast Asia,Lower-Middle,2016-04-24,2016,4,16,-0.78,113.92,172723.0,6100.699999999998,4825.6
6838,IDN,Indonesia,Southeast Asia,Lower-Middle,2016-05-01,2016,5,17,-0.78,113.92,175261.0,6188.399999999998,4887.0
6839,IDN,Indonesia,Southeast Asia,Lower-Middle,2016-05-08,2016,5,18,-0.78,113.92,177799.0,6278.099999999998,4955.6
6840,IDN,Indonesia,Southeast Asia,Lower-Middle,2016-05-15,2016,5,19,-0.78,113.92,180337.0,6362.999999999997,5025.1
6841,IDN,Indonesia,Southeast Asia,Lower-Middle,2016-05-22,2016,5,20,-0.78,113.92,182875.0,6448.899999999997,5091.8
6842,IDN,Indonesia,Southeast Asia,Lower-Middle,2016-05-29,2016,5,21,-0.78,113.92,185413.0,6536.999999999997,5158.900000000001
6843,IDN,Indonesia,Southeast Asia,Lower-Middle,2016-06-05,2016,6,22,-0.78,113.92,187955.0,6623.399999999997,5228.500000000001
6844,IDN,Indonesia,Southeast Asia,Lower-Middle,2016-06-12,2016,6,23,-0.78,113.92,190497.0,6712.2999999999965,5291.200000000001
6845,IDN,Indonesia,Southeast Asia,Lower-Middle,2016-06-19,2016,6,24,-0.78,113.92,193039.0,6800.999999999996,5359.700000000001
6846,IDN,Indonesia,Southeast Asia,Lower-Middle,2016-06-26,2016,6,25,-0.78,113.92,195581.0,6896.999999999996,5428.900000000001
6847,IDN,Indonesia,Southeast Asia,Lower-Middle,2016-07-03,2016,7,26,-0.78,113.92,198128.0,6988.7999999999965,5495.8
6848,IDN,Indonesia,Southeast Asia,Lower-Middle,2016-07-10,2016,7,27,-0.78,113.92,200675.0,7070.499999999996,5567.900000000001
6849,IDN,Indonesia,Southeast Asia,Lower-Middle,2016-07-17,2016,7,28,-0.78,113.92,203222.0,7163.499999999996,5639.700000000001
6850,IDN,Indonesia,Southeast Asia,Lower-Middle,2016-07-24,2016,7,29,-0.78,113.92,205769.0,7251.399999999996,5709.300000000001
6851,IDN,Indonesia,Southeast Asia,Lower-Middle,2016-07-31,2016,7,30,-0.78,113.92,208316.0,7337.199999999996,5772.500000000001
6852,IDN,Indonesia,Southeast Asia,Lower-Middle,2016-08-07,2016,8,31,-0.78,113.92,210867.0,7432.399999999996,5844.200000000001
6853,IDN,Indonesia,Southeast Asia,Lower-Middle,2016-08-14,2016,8,32,-0.78,113.92,213418.0,7520.999999999996,5910.1
6854,IDN,Indonesia,Southeast Asia,Lower-Middle,2016-08-21,2016,8,33,-0.78,113.92,215969.0,7614.599999999997,5971.5
6855,IDN,Indonesia,Southeast Asia,Lower-Middle,2016-08-28,2016,8,34,-0.78,113.92,218520.0,7704.699999999997,6042.8
6856,IDN,Indonesia,Southeast Asia,Lower-Middle,2016-09-04,2016,9,35,-0.78,113.92,221075.0,7785.899999999997,6106.1
6857,IDN,Indonesia,Southeast Asia,Lower-Middle,2016-09-11,2016,9,36,-0.78,113.92,223630.0,7873.599999999997,6173.900000000001
6858,IDN,Indonesia,Southeast Asia,Lower-Middle,2016-09-18,2016,9,37,-0.78,113.92,226185.0,7961.099999999997,6253.200000000001
6859,IDN,Indonesia,Southeast Asia,Lower-Middle,2016-09-25,2016,9,38,-0.78,113.92,228740.0,8051.699999999997,6328.1
6860,IDN,Indonesia,Southeast Asia,Lower-Middle,2016-10-02,2016,10,39,-0.78,113.92,231299.0,8137.799999999997,6396.200000000001
6861,IDN,Indonesia,Southeast Asia,Lower-Middle,2016-10-09,2016,10,40,-0.78,113.92,233858.0,8225.199999999997,6473.400000000001
6862,IDN,Indonesia,Southeast Asia,Lower-Middle,2016-10-16,2016,10,41,-0.78,113.92,236417.0,8314.299999999997,6544.6
6863,IDN,Indonesia,Southeast Asia,Lower-Middle,2016-10-23,2016,10,42,-0.78,113.92,238976.0,8387.799999999997,6610.0
6864,IDN,Indonesia,Southeast Asia,Lower-Middle,2016-10-30,2016,10,43,-0.78,113.92,241535.0,8480.299999999997,6675.2
6865,IDN,Indonesia,Southeast Asia,Lower-Middle,2016-11-06,2016,11,44,-0.78,113.92,244098.0,8569.899999999998,6741.8
6866,IDN,Indonesia,Southeast Asia,Lower-Middle,2016-11-13,2016,11,45,-0.78,113.92,246661.0,8656.099999999999,6804.5
6867,IDN,Indonesia,Southeast Asia,Lower-Middle,2016-11-20,2016,11,46,-0.78,113.92,249224.0,8747.999999999998,6872.9
6868,IDN,Indonesia,Southeast Asia,Lower-Middle,2016-11-27,2016,11,47,-0.78,113.92,251787.0,8831.799999999997,6946.5
6869,IDN,Indonesia,Southeast Asia,Lower-Middle,2016-12-04,2016,12,48,-0.78,113.92,254354.0,8927.299999999997,7025.6
6870,IDN,Indonesia,Southeast Asia,Lower-Middle,2016-12-11,2016,12,49,-0.78,113.92,256921.0,9018.299999999997,7090.3
6871,IDN,Indonesia,Southeast Asia,Lower-Middle,2016-12-18,2016,12,50,-0.78,113.92,259488.0,9107.699999999997,7157.7
6872,IDN,Indonesia,Southeast Asia,Lower-Middle,2016-12-25,2016,12,51,-0.78,113.92,262055.0,9202.099999999997,7227.099999999999
6873,IDN,Indonesia,Southeast Asia,Lower-Middle,2017-01-01,2017,1,52,-0.78,113.92,264626.0,9294.299999999997,7301.499999999999
6874,IDN,Indonesia,Southeast Asia,Lower-Middle,2017-01-08,2017,1,1,-0.78,113.92,267197.0,9383.599999999997,7373.399999999999
6875,IDN,Indonesia,Southeast Asia,Lower-Middle,2017-01-15,2017,1,2,-0.78,113.92,269768.0,9474.099999999997,7444.499999999999
6876,IDN,Indonesia,Southeast Asia,Lower-Middle,2017-01-22,2017,1,3,-0.78,113.92,272339.0,9566.099999999997,7511.099999999999
6877,IDN,Indonesia,Southeast Asia,Lower-Middle,2017-01-29,2017,1,4,-0.78,113.92,274910.0,9648.599999999997,7580.2
6878,IDN,Indonesia,Southeast Asia,Lower-Middle,2017-02-05,2017,2,5,-0.78,113.92,277485.0,9733.399999999996,7647.8
6879,IDN,Indonesia,Southeast Asia,Lower-Middle,2017-02-12,2017,2,6,-0.78,113.92,280060.0,9824.299999999996,7714.8
6880,IDN,Indonesia,Southeast Asia,Lower-Middle,2017-02-19,2017,2,7,-0.78,113.92,282635.0,9912.099999999995,7789.1
6881,IDN,Indonesia,Southeast Asia,Lower-Middle,2017-02-26,2017,2,8,-0.78,113.92,285210.0,10012.099999999995,7856.1
6882,IDN,Indonesia,Southeast Asia,Lower-Middle,2017-03-05,2017,3,9,-0.78,113.92,287789.0,10098.199999999995,7927.700000000001
6883,IDN,Indonesia,Southeast Asia,Lower-Middle,2017-03-12,2017,3,10,-0.78,113.92,290368.0,10182.099999999995,7995.000000000001
6884,IDN,Indonesia,Southeast Asia,Lower-Middle,2017-03-19,2017,3,11,-0.78,113.92,292947.0,10268.599999999995,8063.300000000001
6885,IDN,Indonesia,Southeast Asia,Lower-Middle,2017-03-26,2017,3,12,-0.78,113.92,295526.0,10360.499999999995,8136.300000000001
6886,IDN,Indonesia,Southeast Asia,Lower-Middle,2017-04-02,2017,4,13,-0.78,113.92,298110.0,10460.399999999994,8215.2
6887,IDN,Indonesia,Southeast Asia,Lower-Middle,2017-04-09,2017,4,14,-0.78,113.92,300694.0,10539.399999999994,8285.2
6888,IDN,Indonesia,Southeast Asia,Lower-Middle,2017-04-16,2017,4,15,-0.78,113.92,303278.0,10625.699999999993,8357.1
6889,IDN,Indonesia,Southeast Asia,Lower-Middle,2017-04-23,2017,4,16,-0.78,113.92,305862.0,10717.199999999993,8426.4
6890,IDN,Indonesia,Southeast Asia,Lower-Middle,2017-04-30,2017,4,17,-0.78,113.92,308446.0,10803.699999999993,8501.199999999999
6891,IDN,Indonesia,Southeast Asia,Lower-Middle,2017-05-07,2017,5,18,-0.78,113.92,311034.0,10887.199999999993,8574.3
6892,IDN,Indonesia,Southeast Asia,Lower-Middle,2017-05-14,2017,5,19,-0.78,113.92,313622.0,10979.499999999993,8653.9
6893,IDN,Indonesia,Southeast Asia,Lower-Middle,2017-05-21,2017,5,20,-0.78,113.92,316210.0,11079.499999999993,8729.3
6894,IDN,Indonesia,Southeast Asia,Lower-Middle,2017-05-28,2017,5,21,-0.78,113.92,318798.0,11157.799999999992,8800.3
6895,IDN,Indonesia,Southeast Asia,Lower-Middle,2017-06-04,2017,6,22,-0.78,113.92,321390.0,11241.499999999993,8874.5
6896,IDN,Indonesia,Southeast Asia,Lower-Middle,2017-06-11,2017,6,23,-0.78,113.92,323982.0,11327.099999999993,8937.3
6897,IDN,Indonesia,Southeast Asia,Lower-Middle,2017-06-18,2017,6,24,-0.78,113.92,326574.0,11423.299999999994,9009.699999999999
6898,IDN,Indonesia,Southeast Asia,Lower-Middle,2017-06-25,2017,6,25,-0.78,113.92,329166.0,11507.199999999993,9087.4
6899,IDN,Indonesia,Southeast Asia,Lower-Middle,2017-07-02,2017,7,26,-0.78,113.92,331762.0,11595.399999999994,9157.8
6900,IDN,Indonesia,Southeast Asia,Lower-Middle,2017-07-09,2017,7,27,-0.78,113.92,334358.0,11685.099999999995,9217.599999999999
6901,IDN,Indonesia,Southeast Asia,Lower-Middle,2017-07-16,2017,7,28,-0.78,113.92,336954.0,11779.299999999996,9286.899999999998
6902,IDN,Indonesia,Southeast Asia,Lower-Middle,2017-07-23,2017,7,29,-0.78,113.92,339550.0,11878.099999999995,9356.899999999998
6903,IDN,Indonesia,Southeast Asia,Lower-Middle,2017-07-30,2017,7,30,-0.78,113.92,342146.0,11956.699999999995,9424.899999999998
6904,IDN,Indonesia,Southeast Asia,Lower-Middle,2017-08-06,2017,8,31,-0.78,113.92,344746.0,12038.799999999996,9490.999999999998
6905,IDN,Indonesia,Southeast Asia,Lower-Middle,2017-08-13,2017,8,32,-0.78,113.92,347346.0,12125.999999999996,9559.499999999998
6906,IDN,Indonesia,Southeast Asia,Lower-Middle,2017-08-20,2017,8,33,-0.78,113.92,349946.0,12217.699999999997,9619.699999999999
6907,IDN,Indonesia,Southeast Asia,Lower-Middle,2017-08-27,2017,8,34,-0.78,113.92,352546.0,12309.199999999997,9683.9
6908,IDN,Indonesia,Southeast Asia,Lower-Middle,2017-09-03,2017,9,35,-0.78,113.92,355150.0,12397.699999999997,9750.199999999999
6909,IDN,Indonesia,Southeast Asia,Lower-Middle,2017-09-10,2017,9,36,-0.78,113.92,357754.0,12487.999999999996,9814.199999999999
6910,IDN,Indonesia,Southeast Asia,Lower-Middle,2017-09-17,2017,9,37,-0.78,113.92,360358.0,12580.099999999997,9878.4
6911,IDN,Indonesia,Southeast Asia,Lower-Middle,2017-09-24,2017,9,38,-0.78,113.92,362962.0,12666.299999999997,9954.6
6912,IDN,Indonesia,Southeast Asia,Lower-Middle,2017-10-01,2017,10,39,-0.78,113.92,365570.0,12758.299999999997,10021.300000000001
6913,IDN,Indonesia,Southeast Asia,Lower-Middle,2017-10-08,2017,10,40,-0.78,113.92,368178.0,12847.099999999997,10097.6
6914,IDN,Indonesia,Southeast Asia,Lower-Middle,2017-10-15,2017,10,41,-0.78,113.92,370786.0,12939.399999999996,10168.300000000001
6915,IDN,Indonesia,Southeast Asia,Lower-Middle,2017-10-22,2017,10,42,-0.78,113.92,373394.0,13027.699999999995,10243.300000000001
6916,IDN,Indonesia,Southeast Asia,Lower-Middle,2017-10-29,2017,10,43,-0.78,113.92,376002.0,13124.199999999995,10312.2
6917,IDN,Indonesia,Southeast Asia,Lower-Middle,2017-11-05,2017,11,44,-0.78,113.92,378614.0,13202.299999999996,10386.6
6918,IDN,Indonesia,Southeast Asia,Lower-Middle,2017-11-12,2017,11,45,-0.78,113.92,381226.0,13291.899999999996,10459.1
6919,IDN,Indonesia,Southeast Asia,Lower-Middle,2017-11-19,2017,11,46,-0.78,113.92,383838.0,13379.799999999996,10532.1
6920,IDN,Indonesia,Southeast Asia,Lower-Middle,2017-11-26,2017,11,47,-0.78,113.92,386450.0,13473.299999999996,10595.5
6921,IDN,Indonesia,Southeast Asia,Lower-Middle,2017-12-03,2017,12,48,-0.78,113.92,389066.0,13565.699999999995,10661.2
6922,IDN,Indonesia,Southeast Asia,Lower-Middle,2017-12-10,2017,12,49,-0.78,113.92,391682.0,13653.999999999995,10729.5
6923,IDN,Indonesia,Southeast Asia,Lower-Middle,2017-12-17,2017,12,50,-0.78,113.92,394298.0,13743.199999999995,10798.0
6924,IDN,Indonesia,Southeast Asia,Lower-Middle,2017-12-24,2017,12,51,-0.78,113.92,396914.0,13835.599999999995,10875.3
6925,IDN,Indonesia,Southeast Asia,Lower-Middle,2017-12-31,2017,12,52,-0.78,113.92,399530.0,13927.499999999995,10952.3
6926,IDN,Indonesia,Southeast Asia,Lower-Middle,2018-01-07,2018,1,1,-0.78,113.92,402151.0,14008.699999999995,11022.099999999999
6927,IDN,Indonesia,Southeast Asia,Lower-Middle,2018-01-14,2018,1,2,-0.78,113.92,404772.0,14094.399999999996,11094.999999999998
6928,IDN,Indonesia,Southeast Asia,Lower-Middle,2018-01-21,2018,1,3,-0.78,113.92,407393.0,14177.899999999996,11161.999999999998
6929,IDN,Indonesia,Southeast Asia,Lower-Middle,2018-01-28,2018,1,4,-0.78,113.92,410014.0,14267.099999999997,11232.399999999998
6930,IDN,Indonesia,Southeast Asia,Lower-Middle,2018-02-04,2018,2,5,-0.78,113.92,412639.0,14355.799999999997,11302.899999999998
6931,IDN,Indonesia,Southeast Asia,Lower-Middle,2018-02-11,2018,2,6,-0.78,113.92,415264.0,14440.699999999997,11369.999999999998
6932,IDN,Indonesia,Southeast Asia,Lower-Middle,2018-02-18,2018,2,7,-0.78,113.92,417889.0,14530.899999999998,11436.899999999998
6933,IDN,Indonesia,Southeast Asia,Lower-Middle,2018-02-25,2018,2,8,-0.78,113.92,420514.0,14615.299999999997,11505.599999999999
6934,IDN,Indonesia,Southeast Asia,Lower-Middle,2018-03-04,2018,3,9,-0.78,113.92,423143.0,14707.699999999997,11569.899999999998
6935,IDN,Indonesia,Southeast Asia,Lower-Middle,2018-03-11,2018,3,10,-0.78,113.92,425772.0,14789.999999999996,11644.699999999997
6936,IDN,Indonesia,Southeast Asia,Lower-Middle,2018-03-18,2018,3,11,-0.78,113.92,428401.0,14877.799999999996,11712.799999999997
6937,IDN,Indonesia,Southeast Asia,Lower-Middle,2018-03-25,2018,3,12,-0.78,113.92,431030.0,14968.399999999996,11787.399999999998
6938,IDN,Indonesia,Southeast Asia,Lower-Middle,2018-04-01,2018,4,13,-0.78,113.92,433663.0,15052.499999999996,11862.799999999997
6939,IDN,Indonesia,Southeast Asia,Lower-Middle,2018-04-08,2018,4,14,-0.78,113.92,436296.0,15140.599999999997,11931.199999999997
6940,IDN,Indonesia,Southeast Asia,Lower-Middle,2018-04-15,2018,4,15,-0.78,113.92,438929.0,15227.899999999996,11995.899999999998
6941,IDN,Indonesia,Southeast Asia,Lower-Middle,2018-04-22,2018,4,16,-0.78,113.92,441562.0,15322.499999999996,12060.699999999997
6942,IDN,Indonesia,Southeast Asia,Lower-Middle,2018-04-29,2018,4,17,-0.78,113.92,444195.0,15412.899999999996,12128.999999999996
6943,IDN,Indonesia,Southeast Asia,Lower-Middle,2018-05-06,2018,5,18,-0.78,113.92,446832.0,15494.599999999997,12206.499999999996
6944,IDN,Indonesia,Southeast Asia,Lower-Middle,2018-05-13,2018,5,19,-0.78,113.92,449469.0,15590.199999999997,12276.799999999996
6945,IDN,Indonesia,Southeast Asia,Lower-Middle,2018-05-20,2018,5,20,-0.78,113.92,452106.0,15679.999999999996,12352.999999999996
6946,IDN,Indonesia,Southeast Asia,Lower-Middle,2018-05-27,2018,5,21,-0.78,113.92,454743.0,15773.299999999996,12424.799999999996
6947,IDN,Indonesia,Southeast Asia,Lower-Middle,2018-06-03,2018,6,22,-0.78,113.92,457384.0,15866.599999999995,12503.499999999996
6948,IDN,Indonesia,Southeast Asia,Lower-Middle,2018-06-10,2018,6,23,-0.78,113.92,460025.0,15952.499999999995,12564.899999999996
6949,IDN,Indonesia,Southeast Asia,Lower-Middle,2018-06-17,2018,6,24,-0.78,113.92,462666.0,16044.899999999994,12628.899999999996
6950,IDN,Indonesia,Southeast Asia,Lower-Middle,2018-06-24,2018,6,25,-0.78,113.92,465307.0,16131.099999999995,12691.899999999996
6951,IDN,Indonesia,Southeast Asia,Lower-Middle,2018-07-01,2018,7,26,-0.78,113.92,467952.0,16221.099999999995,12763.099999999997
6952,IDN,Indonesia,Southeast Asia,Lower-Middle,2018-07-08,2018,7,27,-0.78,113.92,470597.0,16314.699999999995,12828.999999999996
6953,IDN,Indonesia,Southeast Asia,Lower-Middle,2018-07-15,2018,7,28,-0.78,113.92,473242.0,16402.999999999996,12892.599999999997
6954,IDN,Indonesia,Southeast Asia,Lower-Middle,2018-07-22,2018,7,29,-0.78,113.92,475887.0,16486.799999999996,12961.599999999997
6955,IDN,Indonesia,Southeast Asia,Lower-Middle,2018-07-29,2018,7,30,-0.78,113.92,478532.0,16572.899999999994,13041.599999999997
6956,IDN,Indonesia,Southeast Asia,Lower-Middle,2018-08-05,2018,8,31,-0.78,113.92,481181.0,16663.099999999995,13115.099999999997
6957,IDN,Indonesia,Southeast Asia,Lower-Middle,2018-08-12,2018,8,32,-0.78,113.92,483830.0,16748.199999999993,13186.099999999997
6958,IDN,Indonesia,Southeast Asia,Lower-Middle,2018-08-19,2018,8,33,-0.78,113.92,486479.0,16839.799999999992,13264.899999999996
6959,IDN,Indonesia,Southeast Asia,Lower-Middle,2018-08-26,2018,8,34,-0.78,113.92,489128.0,16925.999999999993,13338.699999999995
6960,IDN,Indonesia,Southeast Asia,Lower-Middle,2018-09-02,2018,9,35,-0.78,113.92,491782.0,17021.699999999993,13401.599999999995
6961,IDN,Indonesia,Southeast Asia,Lower-Middle,2018-09-09,2018,9,36,-0.78,113.92,494436.0,17119.899999999994,13466.499999999995
6962,IDN,Indonesia,Southeast Asia,Lower-Middle,2018-09-16,2018,9,37,-0.78,113.92,497090.0,17213.199999999993,13529.699999999995
6963,IDN,Indonesia,Southeast Asia,Lower-Middle,2018-09-23,2018,9,38,-0.78,113.92,499744.0,17300.499999999993,13592.399999999996
6964,IDN,Indonesia,Southeast Asia,Lower-Middle,2018-09-30,2018,9,39,-0.78,113.92,502398.0,17392.199999999993,13667.999999999996
6965,IDN,Indonesia,Southeast Asia,Lower-Middle,2018-10-07,2018,10,40,-0.78,113.92,505056.0,17477.899999999994,13738.099999999997
6966,IDN,Indonesia,Southeast Asia,Lower-Middle,2018-10-14,2018,10,41,-0.78,113.92,507714.0,17564.999999999993,13806.399999999996
6967,IDN,Indonesia,Southeast Asia,Lower-Middle,2018-10-21,2018,10,42,-0.78,113.92,510372.0,17657.899999999994,13884.799999999996
6968,IDN,Indonesia,Southeast Asia,Lower-Middle,2018-10-28,2018,10,43,-0.78,113.92,513030.0,17744.399999999994,13949.399999999996
6969,IDN,Indonesia,Southeast Asia,Lower-Middle,2018-11-04,2018,11,44,-0.78,113.92,515692.0,17835.799999999996,14014.799999999996
6970,IDN,Indonesia,Southeast Asia,Lower-Middle,2018-11-11,2018,11,45,-0.78,113.92,518354.0,17929.999999999996,14090.899999999996
6971,IDN,Indonesia,Southeast Asia,Lower-Middle,2018-11-18,2018,11,46,-0.78,113.92,521016.0,18017.899999999998,14168.699999999995
6972,IDN,Indonesia,Southeast Asia,Lower-Middle,2018-11-25,2018,11,47,-0.78,113.92,523678.0,18111.8,14234.899999999996
6973,IDN,Indonesia,Southeast Asia,Lower-Middle,2018-12-02,2018,12,48,-0.78,113.92,526344.0,18204.7,14299.499999999996
6974,IDN,Indonesia,Southeast Asia,Lower-Middle,2018-12-09,2018,12,49,-0.78,113.92,529010.0,18301.5,14368.499999999996
6975,IDN,Indonesia,Southeast Asia,Lower-Middle,2018-12-16,2018,12,50,-0.78,113.92,531676.0,18387.7,14440.699999999997
6976,IDN,Indonesia,Southeast Asia,Lower-Middle,2018-12-23,2018,12,51,-0.78,113.92,534342.0,18473.4,14508.899999999998
6977,IDN,Indonesia,Southeast Asia,Lower-Middle,2018-12-30,2018,12,52,-0.78,113.92,537008.0,18560.7,14581.399999999998
6978,IDN,Indonesia,Southeast Asia,Lower-Middle,2019-01-06,2019,1,1,-0.78,113.92,539678.0,18650.100000000002,14656.599999999999
6979,IDN,Indonesia,Southeast Asia,Lower-Middle,2019-01-13,2019,1,2,-0.78,113.92,542348.0,18730.9,14729.599999999999
6980,IDN,Indonesia,Southeast Asia,Lower-Middle,2019-01-20,2019,1,3,-0.78,113.92,545018.0,18821.800000000003,14789.3
6981,IDN,Indonesia,Southeast Asia,Lower-Middle,2019-01-27,2019,1,4,-0.78,113.92,547688.0,18917.600000000002,14867.3
6982,IDN,Indonesia,Southeast Asia,Lower-Middle,2019-02-03,2019,2,5,-0.78,113.92,550362.0,19002.100000000002,14939.699999999999
6983,IDN,Indonesia,Southeast Asia,Lower-Middle,2019-02-10,2019,2,6,-0.78,113.92,553036.0,19082.500000000004,15015.599999999999
6984,IDN,Indonesia,Southeast Asia,Lower-Middle,2019-02-17,2019,2,7,-0.78,113.92,555710.0,19172.400000000005,15081.199999999999
6985,IDN,Indonesia,Southeast Asia,Lower-Middle,2019-02-24,2019,2,8,-0.78,113.92,558384.0,19255.400000000005,15158.599999999999
6986,IDN,Indonesia,Southeast Asia,Lower-Middle,2019-03-03,2019,3,9,-0.78,113.92,561062.0,19340.600000000006,15225.099999999999
6987,IDN,Indonesia,Southeast Asia,Lower-Middle,2019-03-10,2019,3,10,-0.78,113.92,563740.0,19426.000000000007,15294.399999999998
6988,IDN,Indonesia,Southeast Asia,Lower-Middle,2019-03-17,2019,3,11,-0.78,113.92,566418.0,19512.300000000007,15367.599999999999
6989,IDN,Indonesia,Southeast Asia,Lower-Middle,2019-03-24,2019,3,12,-0.78,113.92,569096.0,19600.800000000007,15438.899999999998
6990,IDN,Indonesia,Southeast Asia,Lower-Middle,2019-03-31,2019,3,13,-0.78,113.92,571774.0,19680.100000000006,15504.899999999998
6991,IDN,Indonesia,Southeast Asia,Lower-Middle,2019-04-07,2019,4,14,-0.78,113.92,574456.0,19776.400000000005,15567.299999999997
6992,IDN,Indonesia,Southeast Asia,Lower-Middle,2019-04-14,2019,4,15,-0.78,113.92,577138.0,19871.300000000007,15640.799999999997
6993,IDN,Indonesia,Southeast Asia,Lower-Middle,2019-04-21,2019,4,16,-0.78,113.92,579820.0,19962.700000000008,15717.799999999997
6994,IDN,Indonesia,Southeast Asia,Lower-Middle,2019-04-28,2019,4,17,-0.78,113.92,582502.0,20052.60000000001,15791.399999999998
6995,IDN,Indonesia,Southeast Asia,Lower-Middle,2019-05-05,2019,5,18,-0.78,113.92,585188.0,20146.40000000001,15859.299999999997
6996,IDN,Indonesia,Southeast Asia,Lower-Middle,2019-05-12,2019,5,19,-0.78,113.92,587874.0,20236.90000000001,15937.699999999997
6997,IDN,Indonesia,Southeast Asia,Lower-Middle,2019-05-19,2019,5,20,-0.78,113.92,590560.0,20324.10000000001,16001.799999999997
6998,IDN,Indonesia,Southeast Asia,Lower-Middle,2019-05-26,2019,5,21,-0.78,113.92,593246.0,20416.80000000001,16080.199999999997
6999,IDN,Indonesia,Southeast Asia,Lower-Middle,2019-06-02,2019,6,22,-0.78,113.92,595937.0,20504.60000000001,16144.799999999997
7000,IDN,Indonesia,Southeast Asia,Lower-Middle,2019-06-09,2019,6,23,-0.78,113.92,598628.0,20589.90000000001,16221.099999999997
7001,IDN,Indonesia,Southeast Asia,Lower-Middle,2019-06-16,2019,6,24,-0.78,113.92,601319.0,20684.30000000001,16298.599999999997
7002,IDN,Indonesia,Southeast Asia,Lower-Middle,2019-06-23,2019,6,25,-0.78,113.92,604010.0,20775.20000000001,16363.899999999996
7003,IDN,Indonesia,Southeast Asia,Lower-Middle,2019-06-30,2019,6,26,-0.78,113.92,606701.0,20868.400000000012,16442.699999999997
7004,IDN,Indonesia,Southeast Asia,Lower-Middle,2019-07-07,2019,7,27,-0.78,113.92,609396.0,20959.00000000001,16514.999999999996
7005,IDN,Indonesia,Southeast Asia,Lower-Middle,2019-07-14,2019,7,28,-0.78,113.92,612091.0,21041.60000000001,16586.299999999996
7006,IDN,Indonesia,Southeast Asia,Lower-Middle,2019-07-21,2019,7,29,-0.78,113.92,614786.0,21120.200000000008,16662.699999999997
7007,IDN,Indonesia,Southeast Asia,Lower-Middle,2019-07-28,2019,7,30,-0.78,113.92,617481.0,21206.300000000007,16729.899999999998
7008,IDN,Indonesia,Southeast Asia,Lower-Middle,2019-08-04,2019,8,31,-0.78,113.92,620180.0,21292.200000000008,16803.199999999997
7009,IDN,Indonesia,Southeast Asia,Lower-Middle,2019-08-11,2019,8,32,-0.78,113.92,622879.0,21377.60000000001,16875.399999999998
7010,IDN,Indonesia,Southeast Asia,Lower-Middle,2019-08-18,2019,8,33,-0.78,113.92,625578.0,21469.40000000001,16950.8
7011,IDN,Indonesia,Southeast Asia,Lower-Middle,2019-08-25,2019,8,34,-0.78,113.92,628277.0,21557.200000000008,17022.0
7012,IDN,Indonesia,Southeast Asia,Lower-Middle,2019-09-01,2019,9,35,-0.78,113.92,630980.0,21636.700000000008,17094.1
7013,IDN,Indonesia,Southeast Asia,Lower-Middle,2019-09-08,2019,9,36,-0.78,113.92,633683.0,21725.40000000001,17162.8
7014,IDN,Indonesia,Southeast Asia,Lower-Middle,2019-09-15,2019,9,37,-0.78,113.92,636386.0,21806.30000000001,17225.3
7015,IDN,Indonesia,Southeast Asia,Lower-Middle,2019-09-22,2019,9,38,-0.78,113.92,639089.0,21896.10000000001,17292.8
7016,IDN,Indonesia,Southeast Asia,Lower-Middle,2019-09-29,2019,9,39,-0.78,113.92,641792.0,21978.50000000001,17354.3
7017,IDN,Indonesia,Southeast Asia,Lower-Middle,2019-10-06,2019,10,40,-0.78,113.92,644499.0,22047.20000000001,17425.8
7018,IDN,Indonesia,Southeast Asia,Lower-Middle,2019-10-13,2019,10,41,-0.78,113.92,647206.0,22134.900000000012,17494.899999999998
7019,IDN,Indonesia,Southeast Asia,Lower-Middle,2019-10-20,2019,10,42,-0.78,113.92,649913.0,22219.300000000014,17565.399999999998
7020,IDN,Indonesia,Southeast Asia,Lower-Middle,2019-10-27,2019,10,43,-0.78,113.92,652620.0,22305.800000000014,17632.399999999998
7021,IDN,Indonesia,Southeast Asia,Lower-Middle,2019-11-03,2019,11,44,-0.78,113.92,655331.0,22395.900000000012,17701.1
7022,IDN,Indonesia,Southeast Asia,Lower-Middle,2019-11-10,2019,11,45,-0.78,113.92,658042.0,22489.20000000001,17765.1
7023,IDN,Indonesia,Southeast Asia,Lower-Middle,2019-11-17,2019,11,46,-0.78,113.92,660753.0,22574.900000000012,17843.3
7024,IDN,Indonesia,Southeast Asia,Lower-Middle,2019-11-24,2019,11,47,-0.78,113.92,663464.0,22674.900000000012,17913.5
7025,IDN,Indonesia,Southeast Asia,Lower-Middle,2019-12-01,2019,12,48,-0.78,113.92,666179.0,22762.900000000012,17985.6
7026,IDN,Indonesia,Southeast Asia,Lower-Middle,2019-12-08,2019,12,49,-0.78,113.92,668894.0,22845.70000000001,18053.3
7027,IDN,Indonesia,Southeast Asia,Lower-Middle,2019-12-15,2019,12,50,-0.78,113.92,671609.0,22937.100000000013,18120.8
7028,IDN,Indonesia,Southeast Asia,Lower-Middle,2019-12-22,2019,12,51,-0.78,113.92,674324.0,23018.900000000012,18186.7
7029,IDN,Indonesia,Southeast Asia,Lower-Middle,2019-12-29,2019,12,52,-0.78,113.92,677039.0,23110.70000000001,18257.3
7030,IDN,Indonesia,Southeast Asia,Lower-Middle,2020-01-05,2020,1,1,-0.78,113.92,679758.0,23204.00000000001,18332.2
7031,IDN,Indonesia,Southeast Asia,Lower-Middle,2020-01-12,2020,1,2,-0.78,113.92,682477.0,23290.50000000001,18397.600000000002
7032,IDN,Indonesia,Southeast Asia,Lower-Middle,2020-01-19,2020,1,3,-0.78,113.92,685196.0,23384.30000000001,18470.500000000004
7033,IDN,Indonesia,Southeast Asia,Lower-Middle,2020-01-26,2020,1,4,-0.78,113.92,687915.0,23471.20000000001,18549.300000000003
7034,IDN,Indonesia,Southeast Asia,Lower-Middle,2020-02-02,2020,2,5,-0.78,113.92,690638.0,23556.900000000012,18622.600000000002
7035,IDN,Indonesia,Southeast Asia,Lower-Middle,2020-02-09,2020,2,6,-0.78,113.92,693361.0,23642.20000000001,18689.9
7036,IDN,Indonesia,Southeast Asia,Lower-Middle,2020-02-16,2020,2,7,-0.78,113.92,696084.0,23732.00000000001,18765.4
7037,IDN,Indonesia,Southeast Asia,Lower-Middle,2020-02-23,2020,2,8,-0.78,113.92,698807.0,23825.900000000012,18842.300000000003
7038,IDN,Indonesia,Southeast Asia,Lower-Middle,2020-03-01,2020,3,9,-0.78,113.92,701535.0,23906.50000000001,18903.700000000004
7039,IDN,Indonesia,Southeast Asia,Lower-Middle,2020-03-08,2020,3,10,-0.78,113.92,704263.0,23991.20000000001,18972.800000000003
7040,IDN,Indonesia,Southeast Asia,Lower-Middle,2020-03-15,2020,3,11,-0.78,113.92,706991.0,24071.80000000001,19045.300000000003
7041,IDN,Indonesia,Southeast Asia,Lower-Middle,2020-03-22,2020,3,12,-0.78,113.92,709719.0,24167.20000000001,19123.500000000004
7042,IDN,Indonesia,Southeast Asia,Lower-Middle,2020-03-29,2020,3,13,-0.78,113.92,712447.0,24253.00000000001,19183.100000000002
7043,IDN,Indonesia,Southeast Asia,Lower-Middle,2020-04-05,2020,4,14,-0.78,113.92,715179.0,24348.50000000001,19249.2
7044,IDN,Indonesia,Southeast Asia,Lower-Middle,2020-04-12,2020,4,15,-0.78,113.92,717911.0,24439.50000000001,19320.100000000002
7045,IDN,Indonesia,Southeast Asia,Lower-Middle,2020-04-19,2020,4,16,-0.78,113.92,720643.0,24530.50000000001,19390.800000000003
7046,IDN,Indonesia,Southeast Asia,Lower-Middle,2020-04-26,2020,4,17,-0.78,113.92,723375.0,24619.10000000001,19452.800000000003
7047,IDN,Indonesia,Southeast Asia,Lower-Middle,2020-05-03,2020,5,18,-0.78,113.92,726111.0,24718.30000000001,19521.700000000004
7048,IDN,Indonesia,Southeast Asia,Lower-Middle,2020-05-10,2020,5,19,-0.78,113.92,728847.0,24817.70000000001,19596.400000000005
7049,IDN,Indonesia,Southeast Asia,Lower-Middle,2020-05-17,2020,5,20,-0.78,113.92,731583.0,24900.80000000001,19668.800000000007
7050,IDN,Indonesia,Southeast Asia,Lower-Middle,2020-05-24,2020,5,21,-0.78,113.92,734319.0,24984.70000000001,19734.800000000007
7051,IDN,Indonesia,Southeast Asia,Lower-Middle,2020-05-31,2020,5,22,-0.78,113.92,737055.0,25078.600000000013,19804.000000000007
7052,IDN,Indonesia,Southeast Asia,Lower-Middle,2020-06-07,2020,6,23,-0.78,113.92,739795.0,25172.600000000013,19868.100000000006
7053,IDN,Indonesia,Southeast Asia,Lower-Middle,2020-06-14,2020,6,24,-0.78,113.92,742535.0,25260.300000000014,19939.000000000007
7054,IDN,Indonesia,Southeast Asia,Lower-Middle,2020-06-21,2020,6,25,-0.78,113.92,745275.0,25347.900000000012,20001.200000000008
7055,IDN,Indonesia,Southeast Asia,Lower-Middle,2020-06-28,2020,6,26,-0.78,113.92,748015.0,25432.100000000013,20069.10000000001
7056,IDN,Indonesia,Southeast Asia,Lower-Middle,2020-07-05,2020,7,27,-0.78,113.92,750759.0,25521.70000000001,20127.00000000001
7057,IDN,Indonesia,Southeast Asia,Lower-Middle,2020-07-12,2020,7,28,-0.78,113.92,753503.0,25607.20000000001,20190.50000000001
7058,IDN,Indonesia,Southeast Asia,Lower-Middle,2020-07-19,2020,7,29,-0.78,113.92,756247.0,25701.600000000013,20262.00000000001
7059,IDN,Indonesia,Southeast Asia,Lower-Middle,2020-07-26,2020,7,30,-0.78,113.92,758991.0,25797.20000000001,20329.80000000001
7060,IDN,Indonesia,Southeast Asia,Lower-Middle,2020-08-02,2020,8,31,-0.78,113.92,761739.0,25885.100000000013,20404.90000000001
7061,IDN,Indonesia,Southeast Asia,Lower-Middle,2020-08-09,2020,8,32,-0.78,113.92,764487.0,25969.800000000014,20479.40000000001
7062,IDN,Indonesia,Southeast Asia,Lower-Middle,2020-08-16,2020,8,33,-0.78,113.92,767235.0,26054.300000000014,20551.500000000007
7063,IDN,Indonesia,Southeast Asia,Lower-Middle,2020-08-23,2020,8,34,-0.78,113.92,769983.0,26143.900000000012,20617.600000000006
7064,IDN,Indonesia,Southeast Asia,Lower-Middle,2020-08-30,2020,8,35,-0.78,113.92,772731.0,26225.100000000013,20689.700000000004
7065,IDN,Indonesia,Southeast Asia,Lower-Middle,2020-09-06,2020,9,36,-0.78,113.92,775483.0,26307.20000000001,20763.200000000004
7066,IDN,Indonesia,Southeast Asia,Lower-Middle,2020-09-13,2020,9,37,-0.78,113.92,778235.0,26397.00000000001,20839.200000000004
7067,IDN,Indonesia,Southeast Asia,Lower-Middle,2020-09-20,2020,9,38,-0.78,113.92,780987.0,26489.80000000001,20917.800000000003
7068,IDN,Indonesia,Southeast Asia,Lower-Middle,2020-09-27,2020,9,39,-0.78,113.92,783739.0,26576.10000000001,20992.800000000003
7069,IDN,Indonesia,Southeast Asia,Lower-Middle,2020-10-04,2020,10,40,-0.78,113.92,786495.0,26660.60000000001,21069.9
7070,IDN,Indonesia,Southeast Asia,Lower-Middle,2020-10-11,2020,10,41,-0.78,113.92,789251.0,26751.40000000001,21138.0
7071,IDN,Indonesia,Southeast Asia,Lower-Middle,2020-10-18,2020,10,42,-0.78,113.92,792007.0,26845.700000000008,21194.2
7072,IDN,Indonesia,Southeast Asia,Lower-Middle,2020-10-25,2020,10,43,-0.78,113.92,794763.0,26935.700000000008,21269.2
7073,IDN,Indonesia,Southeast Asia,Lower-Middle,2020-11-01,2020,11,44,-0.78,113.92,797523.0,27017.000000000007,21337.9
7074,IDN,Indonesia,Southeast Asia,Lower-Middle,2020-11-08,2020,11,45,-0.78,113.92,800283.0,27098.300000000007,21405.2
7075,IDN,Indonesia,Southeast Asia,Lower-Middle,2020-11-15,2020,11,46,-0.78,113.92,803043.0,27186.800000000007,21481.7
7076,IDN,Indonesia,Southeast Asia,Lower-Middle,2020-11-22,2020,11,47,-0.78,113.92,805803.0,27279.100000000006,21549.9
7077,IDN,Indonesia,Southeast Asia,Lower-Middle,2020-11-29,2020,11,48,-0.78,113.92,808563.0,27369.100000000006,21626.600000000002
7078,IDN,Indonesia,Southeast Asia,Lower-Middle,2020-12-06,2020,12,49,-0.78,113.92,811328.0,27446.500000000007,21704.2
7079,IDN,Indonesia,Southeast Asia,Lower-Middle,2020-12-13,2020,12,50,-0.78,113.92,814093.0,27541.200000000008,21774.5
7080,IDN,Indonesia,Southeast Asia,Lower-Middle,2020-12-20,2020,12,51,-0.78,113.92,816858.0,27632.40000000001,21845.5
7081,IDN,Indonesia,Southeast Asia,Lower-Middle,2020-12-27,2020,12,52,-0.78,113.92,819623.0,27731.40000000001,21922.0
7082,IDN,Indonesia,Southeast Asia,Lower-Middle,2021-01-03,2021,1,53,-0.78,113.92,822392.0,27812.700000000008,21993.0
7083,IDN,Indonesia,Southeast Asia,Lower-Middle,2021-01-10,2021,1,1,-0.78,113.92,825161.0,27899.300000000007,22071.4
7084,IDN,Indonesia,Southeast Asia,Lower-Middle,2021-01-17,2021,1,2,-0.78,113.92,827930.0,27998.800000000007,22151.300000000003
7085,IDN,Indonesia,Southeast Asia,Lower-Middle,2021-01-24,2021,1,3,-0.78,113.92,830699.0,28082.000000000007,22220.000000000004
7086,IDN,Indonesia,Southeast Asia,Lower-Middle,2021-01-31,2021,1,4,-0.78,113.92,833468.0,28170.500000000007,22292.600000000002
7087,IDN,Indonesia,Southeast Asia,Lower-Middle,2021-02-07,2021,2,5,-0.78,113.92,836241.0,28263.100000000006,22365.7
7088,IDN,Indonesia,Southeast Asia,Lower-Middle,2021-02-14,2021,2,6,-0.78,113.92,839014.0,28356.600000000006,22438.8
7089,IDN,Indonesia,Southeast Asia,Lower-Middle,2021-02-21,2021,2,7,-0.78,113.92,841787.0,28439.800000000007,22512.899999999998
7090,IDN,Indonesia,Southeast Asia,Lower-Middle,2021-02-28,2021,2,8,-0.78,113.92,844560.0,28524.900000000005,22591.499999999996
7091,IDN,Indonesia,Southeast Asia,Lower-Middle,2021-03-07,2021,3,9,-0.78,113.92,847337.0,28616.900000000005,22662.099999999995
7092,IDN,Indonesia,Southeast Asia,Lower-Middle,2021-03-14,2021,3,10,-0.78,113.92,850114.0,28701.000000000004,22725.799999999996
7093,IDN,Indonesia,Southeast Asia,Lower-Middle,2021-03-21,2021,3,11,-0.78,113.92,852891.0,28784.900000000005,22789.599999999995
7094,IDN,Indonesia,Southeast Asia,Lower-Middle,2021-03-28,2021,3,12,-0.78,113.92,855668.0,28869.800000000007,22861.399999999994
7095,IDN,Indonesia,Southeast Asia,Lower-Middle,2021-04-04,2021,4,13,-0.78,113.92,858449.0,28963.900000000005,22929.399999999994
7096,IDN,Indonesia,Southeast Asia,Lower-Middle,2021-04-11,2021,4,14,-0.78,113.92,861230.0,29050.300000000007,23007.799999999996
7097,IDN,Indonesia,Southeast Asia,Lower-Middle,2021-04-18,2021,4,15,-0.78,113.92,864011.0,29137.300000000007,23076.499999999996
7098,IDN,Indonesia,Southeast Asia,Lower-Middle,2021-04-25,2021,4,16,-0.78,113.92,866792.0,29225.200000000008,23152.199999999997
7099,IDN,Indonesia,Southeast Asia,Lower-Middle,2021-05-02,2021,5,17,-0.78,113.92,869577.0,29320.10000000001,23215.899999999998
7100,IDN,Indonesia,Southeast Asia,Lower-Middle,2021-05-09,2021,5,18,-0.78,113.92,872362.0,29402.80000000001,23280.8
7101,IDN,Indonesia,Southeast Asia,Lower-Middle,2021-05-16,2021,5,19,-0.78,113.92,875147.0,29496.00000000001,23348.3
7102,IDN,Indonesia,Southeast Asia,Lower-Middle,2021-05-23,2021,5,20,-0.78,113.92,877932.0,29585.400000000012,23415.7
7103,IDN,Indonesia,Southeast Asia,Lower-Middle,2021-05-30,2021,5,21,-0.78,113.92,880717.0,29681.300000000014,23484.0
7104,IDN,Indonesia,Southeast Asia,Lower-Middle,2021-06-06,2021,6,22,-0.78,113.92,883506.0,29765.500000000015,23558.3
7105,IDN,Indonesia,Southeast Asia,Lower-Middle,2021-06-13,2021,6,23,-0.78,113.92,886295.0,29854.900000000016,23632.0
7106,IDN,Indonesia,Southeast Asia,Lower-Middle,2021-06-20,2021,6,24,-0.78,113.92,889084.0,29939.900000000016,23699.5
7107,IDN,Indonesia,Southeast Asia,Lower-Middle,2021-06-27,2021,6,25,-0.78,113.92,891873.0,30022.300000000017,23766.8
7108,IDN,Indonesia,Southeast Asia,Lower-Middle,2021-07-04,2021,7,26,-0.78,113.92,894666.0,30114.300000000017,23830.0
7109,IDN,Indonesia,Southeast Asia,Lower-Middle,2021-07-11,2021,7,27,-0.78,113.92,897459.0,30203.70000000002,23904.4
7110,IDN,Indonesia,Southeast Asia,Lower-Middle,2021-07-18,2021,7,28,-0.78,113.92,900252.0,30287.50000000002,23975.5
7111,IDN,Indonesia,Southeast Asia,Lower-Middle,2021-07-25,2021,7,29,-0.78,113.92,903045.0,30370.70000000002,24055.0
7112,IDN,Indonesia,Southeast Asia,Lower-Middle,2021-08-01,2021,8,30,-0.78,113.92,905842.0,30456.70000000002,24135.6
7113,IDN,Indonesia,Southeast Asia,Lower-Middle,2021-08-08,2021,8,31,-0.78,113.92,908639.0,30547.60000000002,24203.399999999998
7114,IDN,Indonesia,Southeast Asia,Lower-Middle,2021-08-15,2021,8,32,-0.78,113.92,911436.0,30634.500000000022,24270.499999999996
7115,IDN,Indonesia,Southeast Asia,Lower-Middle,2021-08-22,2021,8,33,-0.78,113.92,914233.0,30725.900000000023,24343.599999999995
7116,IDN,Indonesia,Southeast Asia,Lower-Middle,2021-08-29,2021,8,34,-0.78,113.92,917030.0,30820.000000000022,24415.199999999993
7117,IDN,Indonesia,Southeast Asia,Lower-Middle,2021-09-05,2021,9,35,-0.78,113.92,919832.0,30912.700000000023,24488.999999999993
7118,IDN,Indonesia,Southeast Asia,Lower-Middle,2021-09-12,2021,9,36,-0.78,113.92,922634.0,31005.700000000023,24560.299999999992
7119,IDN,Indonesia,Southeast Asia,Lower-Middle,2021-09-19,2021,9,37,-0.78,113.92,925436.0,31085.700000000023,24629.299999999992
7120,IDN,Indonesia,Southeast Asia,Lower-Middle,2021-09-26,2021,9,38,-0.78,113.92,928238.0,31180.000000000022,24709.299999999992
7121,IDN,Indonesia,Southeast Asia,Lower-Middle,2021-10-03,2021,10,39,-0.78,113.92,931044.0,31276.500000000022,24776.199999999993
7122,IDN,Indonesia,Southeast Asia,Lower-Middle,2021-10-10,2021,10,40,-0.78,113.92,933850.0,31357.700000000023,24846.399999999994
7123,IDN,Indonesia,Southeast Asia,Lower-Middle,2021-10-17,2021,10,41,-0.78,113.92,936656.0,31449.30000000002,24913.599999999995
7124,IDN,Indonesia,Southeast Asia,Lower-Middle,2021-10-24,2021,10,42,-0.78,113.92,939462.0,31532.30000000002,24991.299999999996
7125,IDN,Indonesia,Southeast Asia,Lower-Middle,2021-10-31,2021,10,43,-0.78,113.92,942268.0,31632.30000000002,25053.799999999996
7126,IDN,Indonesia,Southeast Asia,Lower-Middle,2021-11-07,2021,11,44,-0.78,113.92,945078.0,31717.000000000022,25124.499999999996
7127,IDN,Indonesia,Southeast Asia,Lower-Middle,2021-11-14,2021,11,45,-0.78,113.92,947888.0,31810.80000000002,25198.499999999996
7128,IDN,Indonesia,Southeast Asia,Lower-Middle,2021-11-21,2021,11,46,-0.78,113.92,950698.0,31873.000000000022,25277.299999999996
7129,IDN,Indonesia,Southeast Asia,Lower-Middle,2021-11-28,2021,11,47,-0.78,113.92,953508.0,31955.000000000022,25346.699999999997
7130,IDN,Indonesia,Southeast Asia,Lower-Middle,2021-12-05,2021,12,48,-0.78,113.92,956322.0,32039.200000000023,25411.6
7131,IDN,Indonesia,Southeast Asia,Lower-Middle,2021-12-12,2021,12,49,-0.78,113.92,959136.0,32136.000000000022,25485.399999999998
7132,IDN,Indonesia,Southeast Asia,Lower-Middle,2021-12-19,2021,12,50,-0.78,113.92,961950.0,32230.80000000002,25557.199999999997
7133,IDN,Indonesia,Southeast Asia,Lower-Middle,2021-12-26,2021,12,51,-0.78,113.92,964764.0,32312.10000000002,25625.999999999996
7134,IDN,Indonesia,Southeast Asia,Lower-Middle,2022-01-02,2022,1,52,-0.78,113.92,967582.0,32399.60000000002,25699.299999999996
7135,IDN,Indonesia,Southeast Asia,Lower-Middle,2022-01-09,2022,1,1,-0.78,113.92,970400.0,32495.000000000022,25766.899999999994
7136,IDN,Indonesia,Southeast Asia,Lower-Middle,2022-01-16,2022,1,2,-0.78,113.92,973218.0,32578.400000000023,25842.899999999994
7137,IDN,Indonesia,Southeast Asia,Lower-Middle,2022-01-23,2022,1,3,-0.78,113.92,976036.0,32668.800000000025,25910.199999999993
7138,IDN,Indonesia,Southeast Asia,Lower-Middle,2022-01-30,2022,1,4,-0.78,113.92,978854.0,32766.300000000025,25978.399999999994
7139,IDN,Indonesia,Southeast Asia,Lower-Middle,2022-02-06,2022,2,5,-0.78,113.92,981676.0,32849.50000000002,26049.499999999993
7140,IDN,Indonesia,Southeast Asia,Lower-Middle,2022-02-13,2022,2,6,-0.78,113.92,984498.0,32944.00000000002,26124.799999999992
7141,IDN,Indonesia,Southeast Asia,Lower-Middle,2022-02-20,2022,2,7,-0.78,113.92,987320.0,33037.300000000025,26201.799999999992
7142,IDN,Indonesia,Southeast Asia,Lower-Middle,2022-02-27,2022,2,8,-0.78,113.92,990142.0,33129.60000000003,26272.59999999999
7143,IDN,Indonesia,Southeast Asia,Lower-Middle,2022-03-06,2022,3,9,-0.78,113.92,992968.0,33216.60000000003,26341.499999999993
7144,IDN,Indonesia,Southeast Asia,Lower-Middle,2022-03-13,2022,3,10,-0.78,113.92,995794.0,33304.700000000026,26407.999999999993
7145,IDN,Indonesia,Southeast Asia,Lower-Middle,2022-03-20,2022,3,11,-0.78,113.92,998620.0,33392.700000000026,26483.199999999993
7146,IDN,Indonesia,Southeast Asia,Lower-Middle,2022-03-27,2022,3,12,-0.78,113.92,1001446.0,33483.90000000002,26551.499999999993
7147,IDN,Indonesia,Southeast Asia,Lower-Middle,2022-04-03,2022,4,13,-0.78,113.92,1004276.0,33573.90000000002,26633.499999999993
7148,IDN,Indonesia,Southeast Asia,Lower-Middle,2022-04-10,2022,4,14,-0.78,113.92,1007106.0,33661.700000000026,26706.499999999993
7149,IDN,Indonesia,Southeast Asia,Lower-Middle,2022-04-17,2022,4,15,-0.78,113.92,1009936.0,33740.200000000026,26781.09999999999
7150,IDN,Indonesia,Southeast Asia,Lower-Middle,2022-04-24,2022,4,16,-0.78,113.92,1012766.0,33823.300000000025,26857.999999999993
7151,IDN,Indonesia,Southeast Asia,Lower-Middle,2022-05-01,2022,5,17,-0.78,113.92,1015601.0,33921.700000000026,26927.299999999992
7152,IDN,Indonesia,Southeast Asia,Lower-Middle,2022-05-08,2022,5,18,-0.78,113.92,1018436.0,34012.700000000026,26995.999999999993
7153,IDN,Indonesia,Southeast Asia,Lower-Middle,2022-05-15,2022,5,19,-0.78,113.92,1021271.0,34105.40000000002,27068.199999999993
7154,IDN,Indonesia,Southeast Asia,Lower-Middle,2022-05-22,2022,5,20,-0.78,113.92,1024106.0,34194.90000000002,27131.799999999992
7155,IDN,Indonesia,Southeast Asia,Lower-Middle,2022-05-29,2022,5,21,-0.78,113.92,1026941.0,34290.60000000002,27197.199999999993
7156,IDN,Indonesia,Southeast Asia,Lower-Middle,2022-06-05,2022,6,22,-0.78,113.92,1029780.0,34382.00000000002,27267.699999999993
7157,IDN,Indonesia,Southeast Asia,Lower-Middle,2022-06-12,2022,6,23,-0.78,113.92,1032619.0,34465.10000000002,27335.599999999995
7158,IDN,Indonesia,Southeast Asia,Lower-Middle,2022-06-19,2022,6,24,-0.78,113.92,1035458.0,34547.60000000002,27403.799999999996
7159,IDN,Indonesia,Southeast Asia,Lower-Middle,2022-06-26,2022,6,25,-0.78,113.92,1038297.0,34625.10000000002,27474.299999999996
7160,IDN,Indonesia,Southeast Asia,Lower-Middle,2022-07-03,2022,7,26,-0.78,113.92,1041140.0,34708.70000000002,27535.399999999994
7161,IDN,Indonesia,Southeast Asia,Lower-Middle,2022-07-10,2022,7,27,-0.78,113.92,1043983.0,34797.70000000002,27606.699999999993
7162,IDN,Indonesia,Southeast Asia,Lower-Middle,2022-07-17,2022,7,28,-0.78,113.92,1046826.0,34889.60000000002,27671.899999999994
7163,IDN,Indonesia,Southeast Asia,Lower-Middle,2022-07-24,2022,7,29,-0.78,113.92,1049669.0,34973.30000000002,27731.999999999993
7164,IDN,Indonesia,Southeast Asia,Lower-Middle,2022-07-31,2022,7,30,-0.78,113.92,1052512.0,35063.60000000002,27795.199999999993
7165,IDN,Indonesia,Southeast Asia,Lower-Middle,2022-08-07,2022,8,31,-0.78,113.92,1055359.0,35144.30000000002,27878.499999999993
7166,IDN,Indonesia,Southeast Asia,Lower-Middle,2022-08-14,2022,8,32,-0.78,113.92,1058206.0,35230.500000000015,27949.399999999994
7167,IDN,Indonesia,Southeast Asia,Lower-Middle,2022-08-21,2022,8,33,-0.78,113.92,1061053.0,35327.20000000001,28017.499999999993
7168,IDN,Indonesia,Southeast Asia,Lower-Middle,2022-08-28,2022,8,34,-0.78,113.92,1063900.0,35406.80000000001,28093.399999999994
7169,IDN,Indonesia,Southeast Asia,Lower-Middle,2022-09-04,2022,9,35,-0.78,113.92,1066751.0,35495.10000000001,28163.499999999993
7170,IDN,Indonesia,Southeast Asia,Lower-Middle,2022-09-11,2022,9,36,-0.78,113.92,1069602.0,35578.70000000001,28226.399999999994
7171,IDN,Indonesia,Southeast Asia,Lower-Middle,2022-09-18,2022,9,37,-0.78,113.92,1072453.0,35666.30000000001,28301.599999999995
7172,IDN,Indonesia,Southeast Asia,Lower-Middle,2022-09-25,2022,9,38,-0.78,113.92,1075304.0,35753.70000000001,28367.299999999996
7173,IDN,Indonesia,Southeast Asia,Lower-Middle,2022-10-02,2022,10,39,-0.78,113.92,1078159.0,35851.500000000015,28438.599999999995
7174,IDN,Indonesia,Southeast Asia,Lower-Middle,2022-10-09,2022,10,40,-0.78,113.92,1081014.0,35949.30000000002,28515.399999999994
7175,IDN,Indonesia,Southeast Asia,Lower-Middle,2022-10-16,2022,10,41,-0.78,113.92,1083869.0,36031.80000000002,28585.999999999993
7176,IDN,Indonesia,Southeast Asia,Lower-Middle,2022-10-23,2022,10,42,-0.78,113.92,1086724.0,36120.20000000002,28656.999999999993
7177,IDN,Indonesia,Southeast Asia,Lower-Middle,2022-10-30,2022,10,43,-0.78,113.92,1089579.0,36205.50000000002,28715.299999999992
7178,IDN,Indonesia,Southeast Asia,Lower-Middle,2022-11-06,2022,11,44,-0.78,113.92,1092438.0,36295.10000000002,28789.09999999999
7179,IDN,Indonesia,Southeast Asia,Lower-Middle,2022-11-13,2022,11,45,-0.78,113.92,1095297.0,36387.50000000002,28850.89999999999
7180,IDN,Indonesia,Southeast Asia,Lower-Middle,2022-11-20,2022,11,46,-0.78,113.92,1098156.0,36472.70000000002,28907.59999999999
7181,IDN,Indonesia,Southeast Asia,Lower-Middle,2022-11-27,2022,11,47,-0.78,113.92,1101015.0,36567.400000000016,28976.39999999999
7182,IDN,Indonesia,Southeast Asia,Lower-Middle,2022-12-04,2022,12,48,-0.78,113.92,1103878.0,36651.70000000002,29050.49999999999
7183,IDN,Indonesia,Southeast Asia,Lower-Middle,2022-12-11,2022,12,49,-0.78,113.92,1106741.0,36741.900000000016,29119.099999999988
7184,IDN,Indonesia,Southeast Asia,Lower-Middle,2022-12-18,2022,12,50,-0.78,113.92,1109604.0,36832.500000000015,29185.199999999986
7185,IDN,Indonesia,Southeast Asia,Lower-Middle,2022-12-25,2022,12,51,-0.78,113.92,1112467.0,36922.70000000001,29249.799999999985
7186,IDN,Indonesia,Southeast Asia,Lower-Middle,2023-01-01,2023,1,52,-0.78,113.92,1115334.0,37008.90000000001,29319.999999999985
7187,IDN,Indonesia,Southeast Asia,Lower-Middle,2023-01-08,2023,1,1,-0.78,113.92,1118201.0,37097.30000000001,29394.399999999987
7188,IDN,Indonesia,Southeast Asia,Lower-Middle,2023-01-15,2023,1,2,-0.78,113.92,1121068.0,37196.10000000001,29464.599999999988
7189,IDN,Indonesia,Southeast Asia,Lower-Middle,2023-01-22,2023,1,3,-0.78,113.92,1123935.0,37284.400000000016,29533.79999999999
7190,IDN,Indonesia,Southeast Asia,Lower-Middle,2023-01-29,2023,1,4,-0.78,113.92,1126802.0,37364.400000000016,29602.599999999988
7191,IDN,Indonesia,Southeast Asia,Lower-Middle,2023-02-05,2023,2,5,-0.78,113.92,1129674.0,37447.20000000002,29679.49999999999
7192,IDN,Indonesia,Southeast Asia,Lower-Middle,2023-02-12,2023,2,6,-0.78,113.92,1132546.0,37540.80000000002,29749.49999999999
7193,IDN,Indonesia,Southeast Asia,Lower-Middle,2023-02-19,2023,2,7,-0.78,113.92,1135418.0,37622.10000000002,29815.99999999999
7194,IDN,Indonesia,Southeast Asia,Lower-Middle,2023-02-26,2023,2,8,-0.78,113.92,1138290.0,37703.40000000002,29877.49999999999
7195,IDN,Indonesia,Southeast Asia,Lower-Middle,2023-03-05,2023,3,9,-0.78,113.92,1141166.0,37791.300000000025,29957.49999999999
7196,IDN,Indonesia,Southeast Asia,Lower-Middle,2023-03-12,2023,3,10,-0.78,113.92,1144042.0,37881.60000000003,30025.79999999999
7197,IDN,Indonesia,Southeast Asia,Lower-Middle,2023-03-19,2023,3,11,-0.78,113.92,1146918.0,37967.700000000026,30094.49999999999
7198,IDN,Indonesia,Southeast Asia,Lower-Middle,2023-03-26,2023,3,12,-0.78,113.92,1149794.0,38053.300000000025,30159.39999999999
7199,IDN,Indonesia,Southeast Asia,Lower-Middle,2023-04-02,2023,4,13,-0.78,113.92,1152674.0,38139.10000000003,30226.89999999999
7200,IDN,Indonesia,Southeast Asia,Lower-Middle,2023-04-09,2023,4,14,-0.78,113.92,1155554.0,38226.200000000026,30293.89999999999
7201,IDN,Indonesia,Southeast Asia,Lower-Middle,2023-04-16,2023,4,15,-0.78,113.92,1158434.0,38309.50000000003,30366.99999999999
7202,IDN,Indonesia,Southeast Asia,Lower-Middle,2023-04-23,2023,4,16,-0.78,113.92,1161314.0,38398.40000000003,30436.099999999988
7203,IDN,Indonesia,Southeast Asia,Lower-Middle,2023-04-30,2023,4,17,-0.78,113.92,1164194.0,38492.20000000003,30501.099999999988
7204,IDN,Indonesia,Southeast Asia,Lower-Middle,2023-05-07,2023,5,18,-0.78,113.92,1167078.0,38572.600000000035,30574.99999999999
7205,IDN,Indonesia,Southeast Asia,Lower-Middle,2023-05-14,2023,5,19,-0.78,113.92,1169962.0,38665.00000000004,30649.29999999999
7206,IDN,Indonesia,Southeast Asia,Lower-Middle,2023-05-21,2023,5,20,-0.78,113.92,1172846.0,38757.40000000004,30719.599999999988
7207,IDN,Indonesia,Southeast Asia,Lower-Middle,2023-05-28,2023,5,21,-0.78,113.92,1175730.0,38851.20000000004,30798.199999999986
7208,IDN,Indonesia,Southeast Asia,Lower-Middle,2023-06-04,2023,6,22,-0.78,113.92,1178618.0,38931.90000000004,30872.899999999987
7209,IDN,Indonesia,Southeast Asia,Lower-Middle,2023-06-11,2023,6,23,-0.78,113.92,1181506.0,39025.20000000004,30943.899999999987
7210,IDN,Indonesia,Southeast Asia,Lower-Middle,2023-06-18,2023,6,24,-0.78,113.92,1184394.0,39108.80000000004,31015.999999999985
7211,IDN,Indonesia,Southeast Asia,Lower-Middle,2023-06-25,2023,6,25,-0.78,113.92,1187282.0,39197.00000000004,31089.199999999986
7212,IDN,Indonesia,Southeast Asia,Lower-Middle,2023-07-02,2023,7,26,-0.78,113.92,1190174.0,39288.40000000004,31163.599999999988
7213,IDN,Indonesia,Southeast Asia,Lower-Middle,2023-07-09,2023,7,27,-0.78,113.92,1193066.0,39377.30000000004,31228.99999999999
7214,IDN,Indonesia,Southeast Asia,Lower-Middle,2023-07-16,2023,7,28,-0.78,113.92,1195958.0,39460.60000000004,31293.99999999999
7215,IDN,Indonesia,Southeast Asia,Lower-Middle,2023-07-23,2023,7,29,-0.78,113.92,1198850.0,39542.900000000045,31360.39999999999
7216,IDN,Indonesia,Southeast Asia,Lower-Middle,2023-07-30,2023,7,30,-0.78,113.92,1201742.0,39625.500000000044,31425.89999999999
7217,IDN,Indonesia,Southeast Asia,Lower-Middle,2023-08-06,2023,8,31,-0.78,113.92,1204638.0,39706.70000000004,31494.09999999999
7218,IDN,Indonesia,Southeast Asia,Lower-Middle,2023-08-13,2023,8,32,-0.78,113.92,1207534.0,39804.90000000004,31561.999999999993
7219,IDN,Indonesia,Southeast Asia,Lower-Middle,2023-08-20,2023,8,33,-0.78,113.92,1210430.0,39895.100000000035,31629.499999999993
7220,IDN,Indonesia,Southeast Asia,Lower-Middle,2023-08-27,2023,8,34,-0.78,113.92,1213326.0,39988.600000000035,31702.499999999993
7221,IDN,Indonesia,Southeast Asia,Lower-Middle,2023-09-03,2023,9,35,-0.78,113.92,1216226.0,40068.40000000004,31768.999999999993
7222,IDN,Indonesia,Southeast Asia,Lower-Middle,2023-09-10,2023,9,36,-0.78,113.92,1219126.0,40165.40000000004,31840.899999999994
7223,IDN,Indonesia,Southeast Asia,Lower-Middle,2023-09-17,2023,9,37,-0.78,113.92,1222026.0,40256.80000000004,31913.899999999994
7224,IDN,Indonesia,Southeast Asia,Lower-Middle,2023-09-24,2023,9,38,-0.78,113.92,1224926.0,40350.00000000004,31980.799999999996
7225,IDN,Indonesia,Southeast Asia,Lower-Middle,2023-10-01,2023,10,39,-0.78,113.92,1227830.0,40438.40000000004,32050.799999999996
7226,IDN,Indonesia,Southeast Asia,Lower-Middle,2023-10-08,2023,10,40,-0.78,113.92,1230734.0,40531.600000000035,32117.199999999997
7227,IDN,Indonesia,Southeast Asia,Lower-Middle,2023-10-15,2023,10,41,-0.78,113.92,1233638.0,40622.100000000035,32185.799999999996
7228,IDN,Indonesia,Southeast Asia,Lower-Middle,2023-10-22,2023,10,42,-0.78,113.92,1236542.0,40710.20000000003,32252.299999999996
7229,IDN,Indonesia,Southeast Asia,Lower-Middle,2023-10-29,2023,10,43,-0.78,113.92,1239446.0,40802.50000000004,32323.099999999995
7230,IDN,Indonesia,Southeast Asia,Lower-Middle,2023-11-05,2023,11,44,-0.78,113.92,1242355.0,40871.80000000004,32385.599999999995
7231,IDN,Indonesia,Southeast Asia,Lower-Middle,2023-11-12,2023,11,45,-0.78,113.92,1245264.0,40963.30000000004,32457.999999999996
7232,IDN,Indonesia,Southeast Asia,Lower-Middle,2023-11-19,2023,11,46,-0.78,113.92,1248173.0,41060.00000000004,32530.499999999996
7233,IDN,Indonesia,Southeast Asia,Lower-Middle,2023-11-26,2023,11,47,-0.78,113.92,1251082.0,41152.00000000004,32601.899999999998
7234,IDN,Indonesia,Southeast Asia,Lower-Middle,2023-12-03,2023,12,48,-0.78,113.92,1253995.0,41242.70000000003,32664.6
7235,IDN,Indonesia,Southeast Asia,Lower-Middle,2023-12-10,2023,12,49,-0.78,113.92,1256908.0,41333.40000000003,32739.8
7236,IDN,Indonesia,Southeast Asia,Lower-Middle,2023-12-17,2023,12,50,-0.78,113.92,1259821.0,41427.70000000003,32805.0
7237,IDN,Indonesia,Southeast Asia,Lower-Middle,2023-12-24,2023,12,51,-0.78,113.92,1262734.0,41515.40000000003,32875.0
7238,IDN,Indonesia,Southeast Asia,Lower-Middle,2023-12-31,2023,12,52,-0.78,113.92,1265647.0,41600.10000000003,32949.4
7239,IDN,Indonesia,Southeast Asia,Lower-Middle,2024-01-07,2024,1,1,-0.78,113.92,1268564.0,41691.00000000003,33015.5
7240,IDN,Indonesia,Southeast Asia,Lower-Middle,2024-01-14,2024,1,2,-0.78,113.92,1271481.0,41776.30000000003,33075.9
7241,IDN,Indonesia,Southeast Asia,Lower-Middle,2024-01-21,2024,1,3,-0.78,113.92,1274398.0,41868.40000000003,33145.9
7242,IDN,Indonesia,Southeast Asia,Lower-Middle,2024-01-28,2024,1,4,-0.78,113.92,1277315.0,41963.50000000003,33215.8
7243,IDN,Indonesia,Southeast Asia,Lower-Middle,2024-02-04,2024,2,5,-0.78,113.92,1280236.0,42052.200000000026,33279.600000000006
7244,IDN,Indonesia,Southeast Asia,Lower-Middle,2024-02-11,2024,2,6,-0.78,113.92,1283157.0,42145.00000000003,33354.600000000006
7245,IDN,Indonesia,Southeast Asia,Lower-Middle,2024-02-18,2024,2,7,-0.78,113.92,1286078.0,42240.50000000003,33427.90000000001
7246,IDN,Indonesia,Southeast Asia,Lower-Middle,2024-02-25,2024,2,8,-0.78,113.92,1288999.0,42324.700000000026,33497.40000000001
7247,IDN,Indonesia,Southeast Asia,Lower-Middle,2024-03-03,2024,3,9,-0.78,113.92,1291924.0,42410.00000000003,33571.90000000001
7248,IDN,Indonesia,Southeast Asia,Lower-Middle,2024-03-10,2024,3,10,-0.78,113.92,1294849.0,42499.700000000026,33641.90000000001
7249,IDN,Indonesia,Southeast Asia,Lower-Middle,2024-03-17,2024,3,11,-0.78,113.92,1297774.0,42584.40000000002,33709.100000000006
7250,IDN,Indonesia,Southeast Asia,Lower-Middle,2024-03-24,2024,3,12,-0.78,113.92,1300699.0,42672.700000000026,33780.200000000004
7251,IDN,Indonesia,Southeast Asia,Lower-Middle,2024-03-31,2024,3,13,-0.78,113.92,1303624.0,42758.00000000003,33856.700000000004
7252,IDN,Indonesia,Southeast Asia,Lower-Middle,2024-04-07,2024,4,14,-0.78,113.92,1306553.0,42845.10000000003,33919.600000000006
7253,IDN,Indonesia,Southeast Asia,Lower-Middle,2024-04-14,2024,4,15,-0.78,113.92,1309482.0,42933.40000000003,33984.200000000004
7254,IDN,Indonesia,Southeast Asia,Lower-Middle,2024-04-21,2024,4,16,-0.78,113.92,1312411.0,43023.20000000003,34060.200000000004
7255,IDN,Indonesia,Southeast Asia,Lower-Middle,2024-04-28,2024,4,17,-0.78,113.92,1315340.0,43117.30000000003,34124.3
7256,IDN,Indonesia,Southeast Asia,Lower-Middle,2024-05-05,2024,5,18,-0.78,113.92,1318273.0,43200.40000000003,34192.5
7257,IDN,Indonesia,Southeast Asia,Lower-Middle,2024-05-12,2024,5,19,-0.78,113.92,1321206.0,43289.90000000003,34259.8
7258,IDN,Indonesia,Southeast Asia,Lower-Middle,2024-05-19,2024,5,20,-0.78,113.92,1324139.0,43377.70000000003,34328.200000000004
7259,IDN,Indonesia,Southeast Asia,Lower-Middle,2024-05-26,2024,5,21,-0.78,113.92,1327072.0,43458.80000000003,34404.8
7260,IDN,Indonesia,Southeast Asia,Lower-Middle,2024-06-02,2024,6,22,-0.78,113.92,1330009.0,43545.50000000003,34467.700000000004
7261,IDN,Indonesia,Southeast Asia,Lower-Middle,2024-06-09,2024,6,23,-0.78,113.92,1332946.0,43632.00000000003,34535.00000000001
7262,IDN,Indonesia,Southeast Asia,Lower-Middle,2024-06-16,2024,6,24,-0.78,113.92,1335883.0,43729.40000000003,34608.90000000001
7263,IDN,Indonesia,Southeast Asia,Lower-Middle,2024-06-23,2024,6,25,-0.78,113.92,1338820.0,43811.50000000003,34675.600000000006
7264,IDN,Indonesia,Southeast Asia,Lower-Middle,2024-06-30,2024,6,26,-0.78,113.92,1341757.0,43898.30000000003,34749.50000000001
7265,IDN,Indonesia,Southeast Asia,Lower-Middle,2024-07-07,2024,7,27,-0.78,113.92,1344698.0,43991.40000000003,34819.50000000001
7266,IDN,Indonesia,Southeast Asia,Lower-Middle,2024-07-14,2024,7,28,-0.78,113.92,1347639.0,44073.30000000003,34883.700000000004
7267,IDN,Indonesia,Southeast Asia,Lower-Middle,2024-07-21,2024,7,29,-0.78,113.92,1350580.0,44154.90000000003,34954.50000000001
7268,IDN,Indonesia,Southeast Asia,Lower-Middle,2024-07-28,2024,7,30,-0.78,113.92,1353521.0,44244.80000000003,35016.200000000004
7269,IDN,Indonesia,Southeast Asia,Lower-Middle,2024-08-04,2024,8,31,-0.78,113.92,1356467.0,44337.70000000003,35086.3
7270,IDN,Indonesia,Southeast Asia,Lower-Middle,2024-08-11,2024,8,32,-0.78,113.92,1359413.0,44423.40000000003,35156.700000000004
7271,IDN,Indonesia,Southeast Asia,Lower-Middle,2024-08-18,2024,8,33,-0.78,113.92,1362359.0,44517.70000000003,35220.4
7272,IDN,Indonesia,Southeast Asia,Lower-Middle,2024-08-25,2024,8,34,-0.78,113.92,1365305.0,44606.40000000003,35295.200000000004
7273,IDN,Indonesia,Southeast Asia,Lower-Middle,2024-09-01,2024,9,35,-0.78,113.92,1368255.0,44677.20000000003,35363.3
7274,IDN,Indonesia,Southeast Asia,Lower-Middle,2024-09-08,2024,9,36,-0.78,113.92,1371205.0,44763.80000000003,35439.8
7275,IDN,Indonesia,Southeast Asia,Lower-Middle,2024-09-15,2024,9,37,-0.78,113.92,1374155.0,44858.40000000003,35504.4
7276,IDN,Indonesia,Southeast Asia,Lower-Middle,2024-09-22,2024,9,38,-0.78,113.92,1377105.0,44942.50000000003,35576.0
7277,IDN,Indonesia,Southeast Asia,Lower-Middle,2024-09-29,2024,9,39,-0.78,113.92,1380055.0,45019.60000000003,35647.7
7278,IDN,Indonesia,Southeast Asia,Lower-Middle,2024-10-06,2024,10,40,-0.78,113.92,1383009.0,45104.10000000003,35712.399999999994
7279,IDN,Indonesia,Southeast Asia,Lower-Middle,2024-10-13,2024,10,41,-0.78,113.92,1385963.0,45194.90000000003,35792.49999999999
7280,IDN,Indonesia,Southeast Asia,Lower-Middle,2024-10-20,2024,10,42,-0.78,113.92,1388917.0,45290.80000000003,35867.19999999999
7281,IDN,Indonesia,Southeast Asia,Lower-Middle,2024-10-27,2024,10,43,-0.78,113.92,1391871.0,45375.90000000003,35939.79999999999
7282,IDN,Indonesia,Southeast Asia,Lower-Middle,2024-11-03,2024,11,44,-0.78,113.92,1394829.0,45458.70000000003,36000.69999999999
7283,IDN,Indonesia,Southeast Asia,Lower-Middle,2024-11-10,2024,11,45,-0.78,113.92,1397787.0,45549.70000000003,36074.99999999999
7284,IDN,Indonesia,Southeast Asia,Lower-Middle,2024-11-17,2024,11,46,-0.78,113.92,1400745.0,45631.600000000035,36148.09999999999
7285,IDN,Indonesia,Southeast Asia,Lower-Middle,2024-11-24,2024,11,47,-0.78,113.92,1403703.0,45702.600000000035,36220.59999999999
7286,IDN,Indonesia,Southeast Asia,Lower-Middle,2024-12-01,2024,12,48,-0.78,113.92,1406665.0,45787.80000000003,36291.399999999994
7287,IDN,Indonesia,Southeast Asia,Lower-Middle,2024-12-08,2024,12,49,-0.78,113.92,1409627.0,45869.80000000003,36348.299999999996
7288,IDN,Indonesia,Southeast Asia,Lower-Middle,2024-12-15,2024,12,50,-0.78,113.92,1412589.0,45954.50000000003,36414.799999999996
7289,IDN,Indonesia,Southeast Asia,Lower-Middle,2024-12-22,2024,12,51,-0.78,113.92,1415551.0,46033.700000000026,36480.399999999994
7290,IDN,Indonesia,Southeast Asia,Lower-Middle,2024-12-29,2024,12,52,-0.78,113.92,1418513.0,46128.00000000003,36550.59999999999
7291,IDN,Indonesia,Southeast Asia,Lower-Middle,2025-01-05,2025,1,1,-0.78,113.92,1421479.0,46220.00000000003,36624.99999999999
7292,IDN,Indonesia,Southeast Asia,Lower-Middle,2025-01-12,2025,1,2,-0.78,113.92,1424445.0,46308.50000000003,36687.09999999999
7293,IDN,Indonesia,Southeast Asia,Lower-Middle,2025-01-19,2025,1,3,-0.78,113.92,1427411.0,46386.00000000003,36747.19999999999
7294,IDN,Indonesia,Southeast Asia,Lower-Middle,2025-01-26,2025,1,4,-0.78,113.92,1430377.0,46473.00000000003,36811.89999999999
7295,IDN,Indonesia,Southeast Asia,Lower-Middle,2025-02-02,2025,2,5,-0.78,113.92,1433347.0,46558.40000000003,36878.29999999999
7296,IDN,Indonesia,Southeast Asia,Lower-Middle,2025-02-09,2025,2,6,-0.78,113.92,1436317.0,46636.20000000003,36942.79999999999
7297,IDN,Indonesia,Southeast Asia,Lower-Middle,2025-02-16,2025,2,7,-0.78,113.92,1439287.0,46733.90000000003,37010.39999999999
7298,IDN,Indonesia,Southeast Asia,Lower-Middle,2025-02-23,2025,2,8,-0.78,113.92,1442257.0,46829.60000000003,37084.499999999985
7299,IDN,Indonesia,Southeast Asia,Lower-Middle,2025-03-02,2025,3,9,-0.78,113.92,1445231.0,46918.50000000003,37151.89999999999
7300,IDN,Indonesia,Southeast Asia,Lower-Middle,2025-03-09,2025,3,10,-0.78,113.92,1448205.0,47008.80000000003,37222.999999999985
7301,IDN,Indonesia,Southeast Asia,Lower-Middle,2025-03-16,2025,3,11,-0.78,113.92,1451179.0,47089.00000000003,37287.79999999999
7302,IDN,Indonesia,Southeast Asia,Lower-Middle,2025-03-23,2025,3,12,-0.78,113.92,1454153.0,47173.60000000003,37353.39999999999
7303,IDN,Indonesia,Southeast Asia,Lower-Middle,2025-03-30,2025,3,13,-0.78,113.92,1457127.0,47265.300000000025,37424.89999999999
7304,IDN,Indonesia,Southeast Asia,Lower-Middle,2025-04-06,2025,4,14,-0.78,113.92,1460106.0,47349.60000000003,37487.39999999999
7305,IDN,Indonesia,Southeast Asia,Lower-Middle,2025-04-13,2025,4,15,-0.78,113.92,1463085.0,47446.200000000026,37562.19999999999
7306,IDN,Indonesia,Southeast Asia,Lower-Middle,2025-04-20,2025,4,16,-0.78,113.92,1466064.0,47530.700000000026,37628.99999999999
7307,IDN,Indonesia,Southeast Asia,Lower-Middle,2025-04-27,2025,4,17,-0.78,113.92,1469043.0,47613.50000000003,37698.99999999999
7308,IDN,Indonesia,Southeast Asia,Lower-Middle,2025-05-04,2025,5,18,-0.78,113.92,1472026.0,47700.40000000003,37765.19999999999
7309,IDN,Indonesia,Southeast Asia,Lower-Middle,2025-05-11,2025,5,19,-0.78,113.92,1475009.0,47797.00000000003,37827.69999999999
7310,IDN,Indonesia,Southeast Asia,Lower-Middle,2025-05-18,2025,5,20,-0.78,113.92,1477992.0,47884.60000000003,37890.39999999999
7311,IDN,Indonesia,Southeast Asia,Lower-Middle,2025-05-25,2025,5,21,-0.78,113.92,1480975.0,47977.50000000003,37962.099999999984
7312,IDN,Indonesia,Southeast Asia,Lower-Middle,2025-06-01,2025,6,22,-0.78,113.92,1483962.0,48056.200000000026,38032.69999999998
7313,IDN,Indonesia,Southeast Asia,Lower-Middle,2025-06-08,2025,6,23,-0.78,113.92,1486949.0,48146.40000000002,38106.29999999998
7314,IDN,Indonesia,Southeast Asia,Lower-Middle,2025-06-15,2025,6,24,-0.78,113.92,1489936.0,48244.300000000025,38170.79999999998
7315,IDN,Indonesia,Southeast Asia,Lower-Middle,2025-06-22,2025,6,25,-0.78,113.92,1492923.0,48328.700000000026,38234.79999999998
7316,IDN,Indonesia,Southeast Asia,Lower-Middle,2025-06-29,2025,6,26,-0.78,113.92,1495910.0,48412.800000000025,38298.69999999998
7317,IDN,Indonesia,Southeast Asia,Lower-Middle,2025-07-06,2025,7,27,-0.78,113.92,1498901.0,48505.800000000025,38371.69999999998
7318,IDN,Indonesia,Southeast Asia,Lower-Middle,2025-07-13,2025,7,28,-0.78,113.92,1501892.0,48594.00000000002,38444.599999999984
7319,IDN,Indonesia,Southeast Asia,Lower-Middle,2025-07-20,2025,7,29,-0.78,113.92,1504883.0,48689.70000000002,38511.29999999998
7320,IDN,Indonesia,Southeast Asia,Lower-Middle,2025-07-27,2025,7,30,-0.78,113.92,1507874.0,48781.70000000002,38577.69999999998
7321,IDN,Indonesia,Southeast Asia,Lower-Middle,2025-08-03,2025,8,31,-0.78,113.92,1510869.0,48871.60000000002,38650.099999999984
7322,IDN,Indonesia,Southeast Asia,Lower-Middle,2025-08-10,2025,8,32,-0.78,113.92,1513864.0,48962.80000000002,38723.19999999998
7323,IDN,Indonesia,Southeast Asia,Lower-Middle,2025-08-17,2025,8,33,-0.78,113.92,1516859.0,49047.000000000015,38795.19999999998
7324,IDN,Indonesia,Southeast Asia,Lower-Middle,2025-08-24,2025,8,34,-0.78,113.92,1519854.0,49135.80000000002,38868.499999999985
7325,IDN,Indonesia,Southeast Asia,Lower-Middle,2025-08-31,2025,8,35,-0.78,113.92,1522849.0,49222.10000000002,38945.79999999999
7326,IDN,Indonesia,Southeast Asia,Lower-Middle,2025-09-07,2025,9,36,-0.78,113.92,1525848.0,49312.00000000002,39015.79999999999
7327,IDN,Indonesia,Southeast Asia,Lower-Middle,2025-09-14,2025,9,37,-0.78,113.92,1528847.0,49403.40000000002,39089.29999999999
7328,IDN,Indonesia,Southeast Asia,Lower-Middle,2025-09-21,2025,9,38,-0.78,113.92,1531846.0,49487.700000000026,39155.59999999999
7329,IDN,Indonesia,Southeast Asia,Lower-Middle,2025-09-28,2025,9,39,-0.78,113.92,1534845.0,49578.300000000025,39224.49999999999
7330,IDN,Indonesia,Southeast Asia,Lower-Middle,2025-10-05,2025,10,40,-0.78,113.92,1537848.0,49660.700000000026,39294.99999999999
7331,IDN,Indonesia,Southeast Asia,Lower-Middle,2025-10-12,2025,10,41,-0.78,113.92,1540851.0,49748.200000000026,39363.59999999999
7332,IDN,Indonesia,Southeast Asia,Lower-Middle,2025-10-19,2025,10,42,-0.78,113.92,1543854.0,49830.90000000002,39437.29999999999
